run_id,itr,counts(idx=0),counts(idx=1),counts(idx=2),counts(idx=3),counts(idx=4),counts(idx=5),counts(idx=6),counts(idx=7),counts(idx=8),counts(idx=9),counts(idx=10),counts(idx=11),counts(idx=12),counts(idx=13),counts(idx=14),counts(idx=15),counts(idx=16),counts(idx=17),counts(idx=18),counts(idx=19)
35e85ba1-0b04-43e8-b95d-cd57e275ef26,0,5,5,5,5,5,5,5,5,5,5,5,5,5,5,5,5,5,5,5,5
9297e856-2aa2-4dae-931d-45fb2c0270e7,0,5,5,5,5,5,5,5,5,5,5,5,5,5,5,5,5,5,5,5,5
35e85ba1-0b04-43e8-b95d-cd57e275ef26,1,79,3,0,2,2,0,1,2,1,1,0,1,0,1,0,1,4,2,0,0
9297e856-2aa2-4dae-931d-45fb2c0270e7,1,84,2,0,0,1,1,1,0,1,2,3,1,0,2,0,0,0,0,1,1
35e85ba1-0b04-43e8-b95d-cd57e275ef26,2,80,0,2,3,1,1,1,1,0,1,1,1,1,1,1,0,0,2,2,1
9297e856-2aa2-4dae-931d-45fb2c0270e7,2,70,3,2,2,2,1,2,0,2,1,3,2,1,3,2,1,2,0,1,0
35e85ba1-0b04-43e8-b95d-cd57e275ef26,3,63,2,3,3,1,3,3,2,1,1,2,2,1,1,2,2,3,2,1,2
9297e856-2aa2-4dae-931d-45fb2c0270e7,3,58,3,2,2,2,2,1,0,2,3,4,3,5,2,2,3,4,1,1,0
35e85ba1-0b04-43e8-b95d-cd57e275ef26,4,45,1,4,5,1,5,3,2,2,3,3,4,2,3,3,5,3,2,2,2
9297e856-2aa2-4dae-931d-45fb2c0270e7,4,85,0,1,0,0,0,0,3,0,0,1,3,0,2,0,2,0,2,1,0
35e85ba1-0b04-43e8-b95d-cd57e275ef26,5,79,2,0,4,2,1,0,0,0,1,0,1,1,1,1,2,0,1,3,1
9297e856-2aa2-4dae-931d-45fb2c0270e7,5,76,0,2,2,2,1,2,3,1,1,1,0,1,1,2,0,4,0,1,0
35e85ba1-0b04-43e8-b95d-cd57e275ef26,6,64,2,1,3,3,3,3,2,2,1,1,2,3,1,3,2,1,1,1,1
9297e856-2aa2-4dae-931d-45fb2c0270e7,6,63,0,3,3,3,2,3,2,1,3,2,1,2,2,1,2,5,1,1,0
35e85ba1-0b04-43e8-b95d-cd57e275ef26,7,55,4,2,3,2,3,3,4,2,1,1,2,3,2,3,2,2,2,2,2
9297e856-2aa2-4dae-931d-45fb2c0270e7,7,55,1,4,5,2,1,3,4,2,4,1,1,4,4,3,2,2,1,1,0
35e85ba1-0b04-43e8-b95d-cd57e275ef26,8,45,4,3,4,2,4,4,7,4,1,3,2,1,3,3,2,2,2,3,1
9297e856-2aa2-4dae-931d-45fb2c0270e7,8,46,2,4,4,3,1,1,3,4,3,1,4,4,2,4,1,5,3,2,3
35e85ba1-0b04-43e8-b95d-cd57e275ef26,9,84,4,4,2,1,0,1,0,0,0,0,0,0,0,0,0,0,1,1,2
9297e856-2aa2-4dae-931d-45fb2c0270e7,9,80,3,0,0,1,1,0,0,2,1,1,1,3,1,0,2,1,1,1,1
35e85ba1-0b04-43e8-b95d-cd57e275ef26,10,67,4,3,3,4,1,1,1,1,0,1,1,0,0,1,0,3,3,2,4
9297e856-2aa2-4dae-931d-45fb2c0270e7,10,65,3,0,0,4,1,1,0,3,0,1,3,4,2,1,3,1,2,3,3
35e85ba1-0b04-43e8-b95d-cd57e275ef26,11,52,6,3,4,3,3,4,2,1,0,1,1,1,1,2,0,3,3,4,6
9297e856-2aa2-4dae-931d-45fb2c0270e7,11,52,4,0,1,6,5,2,0,3,0,1,3,3,1,2,1,3,5,3,5
35e85ba1-0b04-43e8-b95d-cd57e275ef26,12,41,5,4,5,3,3,5,4,0,3,4,3,1,1,3,3,2,3,2,5
9297e856-2aa2-4dae-931d-45fb2c0270e7,12,81,0,0,2,2,1,2,0,2,1,0,0,3,1,2,0,1,0,1,1
35e85ba1-0b04-43e8-b95d-cd57e275ef26,13,78,0,0,1,2,0,2,2,3,2,0,1,3,1,1,0,2,0,1,1
35e85ba1-0b04-43e8-b95d-cd57e275ef26,14,82,1,1,1,2,1,0,1,0,1,2,1,3,0,0,1,0,0,1,2
9297e856-2aa2-4dae-931d-45fb2c0270e7,13,61,1,0,2,3,2,2,2,2,4,0,0,6,2,4,2,4,0,2,1
35e85ba1-0b04-43e8-b95d-cd57e275ef26,15,66,2,2,1,3,1,0,1,1,2,2,1,2,4,1,3,1,1,2,4
9297e856-2aa2-4dae-931d-45fb2c0270e7,14,53,2,0,5,1,1,2,1,3,5,1,1,6,5,3,3,4,2,0,2
35e85ba1-0b04-43e8-b95d-cd57e275ef26,16,59,3,1,1,4,1,0,0,3,2,1,2,2,4,1,4,1,3,4,4
9297e856-2aa2-4dae-931d-45fb2c0270e7,15,82,0,1,0,1,0,0,0,0,0,2,1,2,2,0,2,1,2,3,1
35e85ba1-0b04-43e8-b95d-cd57e275ef26,17,47,4,5,2,4,1,0,2,2,2,2,4,2,5,1,4,1,2,4,6
9297e856-2aa2-4dae-931d-45fb2c0270e7,16,61,1,2,0,7,1,2,0,2,0,2,1,0,3,2,3,1,6,4,2
35e85ba1-0b04-43e8-b95d-cd57e275ef26,18,77,2,0,0,0,3,0,1,1,3,3,0,0,2,0,0,1,3,1,3
35e85ba1-0b04-43e8-b95d-cd57e275ef26,19,66,3,0,2,0,3,2,2,1,3,4,1,1,3,1,0,1,3,1,3
9297e856-2aa2-4dae-931d-45fb2c0270e7,17,43,1,3,1,8,4,3,0,6,1,3,3,1,3,2,3,3,5,4,3
35e85ba1-0b04-43e8-b95d-cd57e275ef26,20,53,2,0,2,1,2,2,1,3,5,4,3,2,4,2,0,3,5,3,3
9297e856-2aa2-4dae-931d-45fb2c0270e7,18,77,1,2,2,1,1,2,2,2,2,2,0,0,3,1,0,0,1,0,1
9297e856-2aa2-4dae-931d-45fb2c0270e7,19,65,2,2,2,1,2,3,2,4,1,1,3,0,2,1,1,3,1,2,2
b660d58f-faab-4a24-9c27-a7de20f1b882,0,5,5,5,5,5,5,5,5,5,5,5,5,5,5,5,5,5,5,5,5
9297e856-2aa2-4dae-931d-45fb2c0270e7,20,50,3,4,1,2,1,5,3,6,2,2,4,0,2,2,2,5,1,2,3
b660d58f-faab-4a24-9c27-a7de20f1b882,1,77,2,0,3,2,0,2,2,0,1,0,1,1,2,1,1,1,1,0,3
b660d58f-faab-4a24-9c27-a7de20f1b882,2,65,3,0,3,2,2,2,4,1,1,0,2,1,4,2,1,3,1,1,2
b660d58f-faab-4a24-9c27-a7de20f1b882,3,55,4,0,2,1,3,1,4,1,2,1,3,2,4,5,1,4,3,2,2
b660d58f-faab-4a24-9c27-a7de20f1b882,4,45,3,4,2,3,5,2,5,0,2,1,3,3,3,6,3,6,3,1,0
b660d58f-faab-4a24-9c27-a7de20f1b882,5,84,0,2,1,1,0,0,1,3,0,1,1,1,0,1,1,3,0,0,0
b660d58f-faab-4a24-9c27-a7de20f1b882,6,66,2,1,2,3,1,4,3,4,0,1,2,3,0,2,2,2,1,1,0
b660d58f-faab-4a24-9c27-a7de20f1b882,7,57,3,1,4,2,2,5,4,5,0,2,2,3,1,2,2,2,1,2,0
b660d58f-faab-4a24-9c27-a7de20f1b882,8,42,3,2,5,2,4,6,3,8,0,4,2,5,2,0,3,3,3,2,1
b660d58f-faab-4a24-9c27-a7de20f1b882,9,86,0,2,0,1,1,1,0,2,0,0,1,0,0,2,0,2,1,1,0
b660d58f-faab-4a24-9c27-a7de20f1b882,10,64,2,3,0,2,1,3,0,3,1,2,1,1,1,2,2,4,5,3,0
b660d58f-faab-4a24-9c27-a7de20f1b882,11,54,1,3,1,3,1,4,1,5,1,2,1,1,2,2,2,6,5,5,0
b660d58f-faab-4a24-9c27-a7de20f1b882,12,41,3,3,2,3,4,5,2,7,4,3,0,0,4,2,1,4,7,5,0
b660d58f-faab-4a24-9c27-a7de20f1b882,13,75,1,1,3,0,2,2,0,1,1,0,1,2,2,3,0,3,0,2,1
b660d58f-faab-4a24-9c27-a7de20f1b882,14,59,3,1,3,1,3,1,2,2,3,0,4,2,4,3,1,4,1,2,1
b660d58f-faab-4a24-9c27-a7de20f1b882,15,47,4,2,2,1,2,2,3,3,2,1,6,3,5,4,2,4,1,4,2
b660d58f-faab-4a24-9c27-a7de20f1b882,16,80,3,1,1,1,2,0,1,0,1,3,0,0,1,0,0,2,1,0,3
b660d58f-faab-4a24-9c27-a7de20f1b882,17,82,1,0,1,0,1,1,2,1,1,0,0,0,2,0,0,3,3,1,1
b660d58f-faab-4a24-9c27-a7de20f1b882,18,62,3,0,1,2,1,1,2,1,2,2,1,2,4,3,0,3,6,2,2
b660d58f-faab-4a24-9c27-a7de20f1b882,19,53,5,1,1,3,1,4,2,2,2,2,2,1,1,3,0,4,6,5,2
b660d58f-faab-4a24-9c27-a7de20f1b882,20,46,4,4,1,3,1,5,3,1,3,2,3,2,1,4,0,3,7,5,2
295ee72b-6696-4bae-8381-0992aa443056,0,5,5,5,5,5,5,5,5,5,5,5,5,5,5,5,5,5,5,5,5
295ee72b-6696-4bae-8381-0992aa443056,1,88,2,1,1,0,0,1,0,1,0,1,1,0,0,0,1,0,2,0,1
295ee72b-6696-4bae-8381-0992aa443056,2,70,5,1,3,1,2,0,1,2,0,3,0,0,1,1,4,0,5,0,1
295ee72b-6696-4bae-8381-0992aa443056,3,85,0,1,2,0,0,1,0,0,0,0,1,1,2,0,1,4,0,2,0
295ee72b-6696-4bae-8381-0992aa443056,4,72,0,2,2,0,0,2,1,0,1,4,3,1,2,2,1,3,0,3,1
295ee72b-6696-4bae-8381-0992aa443056,5,90,0,1,0,0,1,1,0,0,1,0,1,0,2,1,1,0,0,0,1
295ee72b-6696-4bae-8381-0992aa443056,6,72,1,3,2,0,2,2,2,1,1,0,2,0,1,4,1,2,1,2,1
fce006f3-256e-44a0-8366-84d26fa884f7,0,5,5,5,5,5,5,5,5,5,5,5,5,5,5,5,5,5,5,5,5
295ee72b-6696-4bae-8381-0992aa443056,7,53,3,4,2,1,3,5,2,3,1,0,3,0,2,3,1,2,3,6,3
295ee72b-6696-4bae-8381-0992aa443056,8,39,4,5,3,2,4,2,3,7,5,0,2,0,3,3,1,2,6,6,3
fce006f3-256e-44a0-8366-84d26fa884f7,1,77,2,0,0,2,3,1,2,1,0,1,1,1,2,1,0,2,1,2,1
295ee72b-6696-4bae-8381-0992aa443056,9,80,3,1,0,2,0,0,1,1,4,2,1,0,1,1,1,1,1,0,0
fce006f3-256e-44a0-8366-84d26fa884f7,2,57,2,3,1,4,4,2,4,1,0,1,0,0,6,2,1,5,2,2,3
295ee72b-6696-4bae-8381-0992aa443056,10,70,3,2,0,2,1,0,3,2,4,3,0,0,2,2,1,1,2,1,1
fce006f3-256e-44a0-8366-84d26fa884f7,3,44,3,2,0,5,4,3,5,1,2,3,1,0,4,4,2,6,3,2,6
295ee72b-6696-4bae-8381-0992aa443056,11,59,4,3,1,2,4,1,3,2,2,4,1,2,2,3,1,1,1,3,1
fce006f3-256e-44a0-8366-84d26fa884f7,4,82,0,0,0,1,1,0,0,1,3,2,1,1,1,2,0,2,2,0,1
295ee72b-6696-4bae-8381-0992aa443056,12,45,7,3,3,2,3,1,4,2,4,3,2,2,4,3,3,3,2,3,1
fce006f3-256e-44a0-8366-84d26fa884f7,5,78,1,0,1,1,1,0,2,1,1,2,2,1,2,1,2,1,1,0,2
295ee72b-6696-4bae-8381-0992aa443056,13,76,1,1,1,3,2,2,0,2,1,2,0,0,1,1,1,3,1,1,1
fce006f3-256e-44a0-8366-84d26fa884f7,6,85,1,3,2,0,1,3,0,1,0,0,0,1,0,0,1,0,0,1,1
295ee72b-6696-4bae-8381-0992aa443056,14,64,2,1,2,2,3,3,0,3,2,2,0,3,1,2,1,4,2,1,2
fce006f3-256e-44a0-8366-84d26fa884f7,7,66,2,4,1,3,1,4,3,1,0,0,1,3,1,1,3,4,0,2,0
295ee72b-6696-4bae-8381-0992aa443056,15,46,5,0,3,3,3,3,3,3,5,4,2,3,2,3,1,4,3,1,3
fce006f3-256e-44a0-8366-84d26fa884f7,8,57,2,4,2,4,1,4,2,3,0,2,1,3,2,2,2,3,2,2,2
295ee72b-6696-4bae-8381-0992aa443056,16,85,2,2,1,0,0,1,0,0,0,1,2,0,1,0,0,2,0,2,1
fce006f3-256e-44a0-8366-84d26fa884f7,9,43,2,4,3,5,2,3,4,4,0,1,3,4,1,3,4,3,4,4,3
295ee72b-6696-4bae-8381-0992aa443056,17,70,4,3,1,0,2,4,1,2,1,1,2,0,1,1,1,3,1,1,1
fce006f3-256e-44a0-8366-84d26fa884f7,10,83,0,1,0,1,0,0,1,2,1,3,0,1,0,2,0,0,1,1,3
295ee72b-6696-4bae-8381-0992aa443056,18,55,3,3,2,0,3,4,3,4,2,1,2,1,2,0,2,6,1,4,2
fce006f3-256e-44a0-8366-84d26fa884f7,11,67,0,1,0,1,0,0,2,5,1,3,2,2,0,2,2,2,2,2,6
295ee72b-6696-4bae-8381-0992aa443056,19,44,2,4,3,1,3,5,3,5,3,1,3,1,2,2,3,7,2,4,2
fce006f3-256e-44a0-8366-84d26fa884f7,12,55,1,2,0,1,1,2,2,4,1,5,3,3,3,2,2,3,3,2,5
295ee72b-6696-4bae-8381-0992aa443056,20,82,1,0,1,1,1,0,1,2,1,1,2,1,0,0,0,2,3,0,1
fce006f3-256e-44a0-8366-84d26fa884f7,13,39,2,1,0,1,1,4,5,4,2,8,3,5,5,1,4,4,3,3,5
97641158-5ee1-4620-b851-d595b4d67c53,0,5,5,5,5,5,5,5,5,5,5,5,5,5,5,5,5,5,5,5,5
fce006f3-256e-44a0-8366-84d26fa884f7,14,80,0,2,2,0,3,0,0,0,1,0,4,0,1,1,1,1,0,2,2
97641158-5ee1-4620-b851-d595b4d67c53,1,76,0,3,2,2,0,1,0,1,2,1,0,1,0,2,2,4,1,0,2
fce006f3-256e-44a0-8366-84d26fa884f7,15,67,2,2,2,1,2,3,1,0,2,0,3,1,1,4,2,2,0,2,3
97641158-5ee1-4620-b851-d595b4d67c53,2,61,1,3,3,2,1,1,2,2,2,2,1,3,0,4,4,2,1,1,4
fce006f3-256e-44a0-8366-84d26fa884f7,16,52,3,2,4,2,4,5,2,0,4,0,2,2,2,5,2,2,1,5,1
97641158-5ee1-4620-b851-d595b4d67c53,3,45,1,4,2,4,1,4,2,2,3,5,1,4,3,4,4,3,3,2,3
fce006f3-256e-44a0-8366-84d26fa884f7,17,78,1,3,1,4,1,1,0,0,0,2,1,1,3,1,1,0,2,0,0
97641158-5ee1-4620-b851-d595b4d67c53,4,82,1,1,0,2,1,2,2,0,0,1,1,0,1,0,1,1,2,2,0
fce006f3-256e-44a0-8366-84d26fa884f7,18,66,4,5,2,3,1,2,0,0,0,2,1,1,4,2,1,1,2,1,2
fce006f3-256e-44a0-8366-84d26fa884f7,19,59,3,7,2,3,1,1,2,0,1,1,2,3,4,4,1,1,2,1,2
97641158-5ee1-4620-b851-d595b4d67c53,5,67,1,3,2,4,2,3,3,0,1,2,1,0,2,2,1,3,1,1,1
97641158-5ee1-4620-b851-d595b4d67c53,6,54,3,5,2,5,3,3,4,0,1,3,1,1,3,2,2,2,2,1,3
fce006f3-256e-44a0-8366-84d26fa884f7,20,52,4,4,2,2,1,2,1,1,2,2,3,4,4,4,4,1,1,4,2
97641158-5ee1-4620-b851-d595b4d67c53,7,82,2,1,2,1,0,1,0,1,0,0,0,4,1,1,1,0,2,0,1
57c9fcd8-1a2f-4b07-910c-d722b23a184c,0,5,5,5,5,5,5,5,5,5,5,5,5,5,5,5,5,5,5,5,5
97641158-5ee1-4620-b851-d595b4d67c53,8,72,1,2,2,1,2,1,0,4,0,1,0,4,2,1,2,1,3,0,1
57c9fcd8-1a2f-4b07-910c-d722b23a184c,1,82,4,0,3,0,1,0,1,0,1,0,2,1,0,0,1,1,0,1,2
97641158-5ee1-4620-b851-d595b4d67c53,9,56,1,2,0,2,3,1,0,4,3,5,2,4,2,2,4,2,2,0,5
57c9fcd8-1a2f-4b07-910c-d722b23a184c,2,81,1,3,1,0,1,0,1,2,0,1,1,2,1,1,0,1,0,3,0
97641158-5ee1-4620-b851-d595b4d67c53,10,52,1,2,0,5,2,1,1,6,2,5,2,3,2,5,2,1,2,2,4
97641158-5ee1-4620-b851-d595b4d67c53,11,82,0,1,1,1,0,1,2,1,1,1,0,0,1,0,0,2,0,4,2
57c9fcd8-1a2f-4b07-910c-d722b23a184c,3,78,1,3,1,1,0,1,0,1,0,4,2,0,1,0,3,1,1,1,1
97641158-5ee1-4620-b851-d595b4d67c53,12,66,0,3,1,1,2,2,2,1,1,3,0,2,1,2,2,2,1,4,4
0700eac3-013b-4efc-a259-1fd327b6571a,0,5,5,5,5,5,5,5,5,5,5,5,5,5,5,5,5,5,5,5,5
57c9fcd8-1a2f-4b07-910c-d722b23a184c,4,84,0,2,2,1,0,0,1,0,1,0,1,1,2,2,1,1,0,1,0
97641158-5ee1-4620-b851-d595b4d67c53,13,53,0,3,1,1,2,2,3,3,4,3,3,3,2,2,3,2,1,4,5
57c9fcd8-1a2f-4b07-910c-d722b23a184c,5,71,0,2,6,1,2,0,1,1,2,0,1,3,1,1,2,1,0,3,2
0700eac3-013b-4efc-a259-1fd327b6571a,1,77,2,1,1,0,1,1,2,1,2,2,0,3,1,0,1,4,0,1,0
97641158-5ee1-4620-b851-d595b4d67c53,14,48,0,3,2,1,1,1,5,3,3,2,5,5,2,2,3,2,1,6,5
57c9fcd8-1a2f-4b07-910c-d722b23a184c,6,62,0,3,5,3,5,0,1,3,3,1,1,2,2,1,2,0,1,2,3
0700eac3-013b-4efc-a259-1fd327b6571a,2,82,0,0,2,1,3,3,0,1,2,0,0,0,1,0,0,2,0,1,2
57c9fcd8-1a2f-4b07-910c-d722b23a184c,7,47,1,2,5,6,6,0,3,4,3,2,1,4,4,0,2,0,2,3,5
97641158-5ee1-4620-b851-d595b4d67c53,15,76,1,1,1,3,0,2,3,1,2,1,2,0,2,0,1,0,1,2,1
57c9fcd8-1a2f-4b07-910c-d722b23a184c,8,87,0,3,1,0,0,1,0,2,1,0,1,0,1,0,1,1,0,1,0
0700eac3-013b-4efc-a259-1fd327b6571a,3,81,1,0,0,0,1,1,1,2,0,1,0,3,2,0,2,1,1,2,1
97641158-5ee1-4620-b851-d595b4d67c53,16,62,2,1,1,3,1,2,3,1,2,3,7,1,4,1,2,0,0,3,1
57c9fcd8-1a2f-4b07-910c-d722b23a184c,9,69,0,4,2,1,1,2,2,5,3,0,3,1,1,0,3,1,2,0,0
0700eac3-013b-4efc-a259-1fd327b6571a,4,84,0,2,1,0,1,1,0,0,0,0,1,0,2,1,2,2,0,0,3
97641158-5ee1-4620-b851-d595b4d67c53,17,48,3,2,2,4,2,3,3,1,4,2,7,1,6,1,4,4,0,2,1
57c9fcd8-1a2f-4b07-910c-d722b23a184c,10,57,0,5,1,1,1,4,3,8,4,0,3,4,1,0,3,1,3,1,0
0700eac3-013b-4efc-a259-1fd327b6571a,5,68,0,5,2,2,0,1,2,1,1,1,1,1,1,2,3,3,1,1,4
97641158-5ee1-4620-b851-d595b4d67c53,18,80,1,0,1,1,2,2,2,1,0,0,0,2,2,0,0,0,1,1,4
57c9fcd8-1a2f-4b07-910c-d722b23a184c,11,38,2,6,2,4,1,6,3,9,7,0,4,4,2,0,4,1,4,2,1
0700eac3-013b-4efc-a259-1fd327b6571a,6,58,2,4,3,3,0,2,3,1,2,3,1,2,1,2,4,3,1,2,3
97641158-5ee1-4620-b851-d595b4d67c53,19,65,2,2,1,1,2,2,2,1,0,4,1,2,2,2,2,2,2,1,4
57c9fcd8-1a2f-4b07-910c-d722b23a184c,12,83,2,1,0,0,0,3,1,2,0,0,1,2,0,1,2,1,0,1,0
0700eac3-013b-4efc-a259-1fd327b6571a,7,48,5,3,2,3,1,2,2,3,2,3,2,2,2,2,4,4,2,2,6
97641158-5ee1-4620-b851-d595b4d67c53,20,55,1,1,3,3,2,3,5,0,1,4,4,1,1,2,3,4,2,2,3
57c9fcd8-1a2f-4b07-910c-d722b23a184c,13,69,4,3,0,2,1,3,2,2,0,0,2,2,1,0,4,1,0,2,2
57c9fcd8-1a2f-4b07-910c-d722b23a184c,14,60,4,2,0,2,1,3,3,6,0,1,3,4,1,0,3,1,3,2,1
0700eac3-013b-4efc-a259-1fd327b6571a,8,77,2,3,0,2,2,1,1,2,3,0,1,1,0,2,0,0,1,1,1
a71f5376-f752-41d4-b6df-dda7db57903f,0,5,5,5,5,5,5,5,5,5,5,5,5,5,5,5,5,5,5,5,5
57c9fcd8-1a2f-4b07-910c-d722b23a184c,15,50,6,1,0,4,1,3,3,4,1,2,5,3,3,3,3,1,3,3,1
0700eac3-013b-4efc-a259-1fd327b6571a,9,65,2,3,0,2,3,2,1,1,3,1,2,3,1,2,2,2,2,1,2
57c9fcd8-1a2f-4b07-910c-d722b23a184c,16,88,0,1,0,0,0,0,0,1,0,1,0,1,2,1,0,1,0,4,0
a71f5376-f752-41d4-b6df-dda7db57903f,1,80,0,0,1,4,2,2,0,1,3,1,0,0,0,0,1,0,1,2,2
0700eac3-013b-4efc-a259-1fd327b6571a,10,54,5,3,0,2,4,2,1,3,2,4,3,2,1,1,2,4,3,2,2
a71f5376-f752-41d4-b6df-dda7db57903f,2,66,2,0,2,4,3,2,0,5,3,2,1,0,0,0,4,1,0,2,3
57c9fcd8-1a2f-4b07-910c-d722b23a184c,17,72,0,1,2,2,1,1,2,4,2,1,0,2,2,0,0,2,1,3,2
0700eac3-013b-4efc-a259-1fd327b6571a,11,43,6,3,2,3,4,3,2,2,2,5,5,2,2,1,2,4,5,3,1
a71f5376-f752-41d4-b6df-dda7db57903f,3,82,0,0,0,1,2,1,1,0,1,2,2,1,0,0,2,1,2,0,2
57c9fcd8-1a2f-4b07-910c-d722b23a184c,18,57,0,2,2,2,3,2,3,3,5,3,2,1,1,1,0,4,2,5,2
57c9fcd8-1a2f-4b07-910c-d722b23a184c,19,46,0,2,1,2,4,3,4,4,5,4,4,3,2,1,0,3,5,4,3
0700eac3-013b-4efc-a259-1fd327b6571a,12,80,0,3,1,0,1,1,1,1,4,3,1,0,1,1,0,0,1,1,0
a71f5376-f752-41d4-b6df-dda7db57903f,4,79,4,2,3,1,1,0,1,1,0,1,1,1,1,0,1,2,0,1,0
57c9fcd8-1a2f-4b07-910c-d722b23a184c,20,81,1,0,0,2,0,1,1,0,2,0,2,0,1,3,1,3,1,1,0
a71f5376-f752-41d4-b6df-dda7db57903f,5,68,3,3,3,1,0,2,1,3,0,1,1,4,1,0,1,3,3,2,0
0700eac3-013b-4efc-a259-1fd327b6571a,13,68,2,4,4,0,2,1,2,1,3,2,1,0,1,3,1,1,3,1,0
a71f5376-f752-41d4-b6df-dda7db57903f,6,59,3,4,3,3,2,2,1,2,1,1,1,2,1,0,3,3,6,1,2
0700eac3-013b-4efc-a259-1fd327b6571a,14,56,1,5,5,1,3,2,2,0,5,5,3,1,1,3,2,1,2,2,0
273880ac-a4c8-41a5-9a68-9ecd24471e89,0,5,5,5,5,5,5,5,5,5,5,5,5,5,5,5,5,5,5,5,5
a71f5376-f752-41d4-b6df-dda7db57903f,7,84,0,4,1,0,0,1,0,2,2,2,0,1,1,1,0,0,0,0,1
0700eac3-013b-4efc-a259-1fd327b6571a,15,49,0,6,4,1,2,4,2,0,6,2,2,4,2,5,2,4,2,3,0
273880ac-a4c8-41a5-9a68-9ecd24471e89,1,79,1,1,0,0,2,2,3,0,1,2,2,1,0,1,1,2,2,0,0
a71f5376-f752-41d4-b6df-dda7db57903f,8,68,2,4,0,1,3,1,1,2,2,4,0,1,2,2,0,1,2,1,3
0700eac3-013b-4efc-a259-1fd327b6571a,16,84,2,1,1,2,0,1,0,1,0,1,1,2,0,2,0,0,0,2,0
273880ac-a4c8-41a5-9a68-9ecd24471e89,2,80,0,0,2,0,2,2,0,2,2,2,1,2,0,0,0,1,0,2,2
a71f5376-f752-41d4-b6df-dda7db57903f,9,57,3,5,0,4,1,2,1,2,1,4,1,2,4,4,1,2,2,1,3
273880ac-a4c8-41a5-9a68-9ecd24471e89,3,63,2,0,5,1,2,2,2,1,4,1,2,3,1,1,0,3,2,2,3
0700eac3-013b-4efc-a259-1fd327b6571a,17,64,5,3,4,2,1,3,1,0,0,1,2,5,1,3,0,1,1,2,1
a71f5376-f752-41d4-b6df-dda7db57903f,10,47,3,4,2,6,2,3,1,1,2,4,1,2,4,5,2,1,2,4,4
273880ac-a4c8-41a5-9a68-9ecd24471e89,4,53,5,0,4,1,2,2,2,1,4,3,3,5,1,1,2,2,3,2,4
0700eac3-013b-4efc-a259-1fd327b6571a,18,56,6,3,3,3,4,2,1,0,1,1,1,6,1,3,1,1,1,3,3
a71f5376-f752-41d4-b6df-dda7db57903f,11,88,0,1,2,0,0,0,0,2,0,2,1,1,1,0,0,1,1,0,0
273880ac-a4c8-41a5-9a68-9ecd24471e89,5,47,3,0,5,1,2,2,2,0,4,5,4,6,2,3,2,2,3,1,6
a71f5376-f752-41d4-b6df-dda7db57903f,12,70,0,3,4,1,0,0,0,5,1,1,2,4,1,0,1,4,1,2,0
0700eac3-013b-4efc-a259-1fd327b6571a,19,47,10,2,3,3,3,4,0,1,0,1,3,7,2,4,2,2,1,1,4
273880ac-a4c8-41a5-9a68-9ecd24471e89,6,78,3,0,1,1,2,0,1,3,0,0,2,0,0,4,1,1,2,0,1
0700eac3-013b-4efc-a259-1fd327b6571a,20,85,1,0,3,4,1,1,0,0,0,0,0,0,1,1,0,1,1,0,1
a71f5376-f752-41d4-b6df-dda7db57903f,13,58,3,2,5,3,0,1,0,3,3,2,1,5,1,0,2,6,1,3,1
273880ac-a4c8-41a5-9a68-9ecd24471e89,7,62,4,0,2,0,2,0,1,7,1,1,2,4,4,5,2,0,2,1,0
a71f5376-f752-41d4-b6df-dda7db57903f,14,46,3,6,4,2,2,3,0,2,4,4,1,4,3,1,3,6,2,3,1
273880ac-a4c8-41a5-9a68-9ecd24471e89,8,48,4,3,2,2,3,0,2,7,1,3,1,3,4,7,3,1,2,4,0
bae2ae79-84b1-43fc-8b28-2db7c9d7cabc,0,5,5,5,5,5,5,5,5,5,5,5,5,5,5,5,5,5,5,5,5
a71f5376-f752-41d4-b6df-dda7db57903f,15,81,2,1,1,0,1,0,2,2,1,3,0,1,0,2,0,0,1,1,1
273880ac-a4c8-41a5-9a68-9ecd24471e89,9,84,1,0,0,2,0,0,2,0,1,1,1,1,2,1,2,1,0,1,0
bae2ae79-84b1-43fc-8b28-2db7c9d7cabc,1,0,2,1,0,0,1,0,0,0,1,1,0,1,0,2,1,2,0,0,88
273880ac-a4c8-41a5-9a68-9ecd24471e89,10,87,0,0,1,3,3,0,1,0,0,0,1,1,1,0,0,1,1,0,0
a71f5376-f752-41d4-b6df-dda7db57903f,16,63,2,1,4,0,2,0,3,4,5,3,1,2,3,2,1,1,0,1,2
bae2ae79-84b1-43fc-8b28-2db7c9d7cabc,2,1,3,3,1,0,1,2,1,1,3,2,0,1,2,1,5,4,0,2,67
273880ac-a4c8-41a5-9a68-9ecd24471e89,11,73,0,1,1,5,4,0,2,0,1,2,2,1,3,1,1,1,1,0,1
a71f5376-f752-41d4-b6df-dda7db57903f,17,54,1,1,4,0,2,0,3,6,6,4,2,2,4,2,1,1,1,3,3
273880ac-a4c8-41a5-9a68-9ecd24471e89,12,65,1,2,2,6,3,2,3,1,1,1,3,3,3,1,0,1,1,0,1
bae2ae79-84b1-43fc-8b28-2db7c9d7cabc,3,0,0,2,4,0,2,2,0,1,1,0,3,0,0,1,1,0,2,4,77
273880ac-a4c8-41a5-9a68-9ecd24471e89,13,55,1,3,4,6,3,2,4,2,1,2,5,5,1,1,0,2,1,2,0
a71f5376-f752-41d4-b6df-dda7db57903f,18,79,0,0,1,2,0,1,3,0,0,1,1,3,1,1,0,0,5,1,1
273880ac-a4c8-41a5-9a68-9ecd24471e89,14,44,3,3,5,6,4,3,5,3,0,2,7,5,1,1,1,3,1,2,1
bae2ae79-84b1-43fc-8b28-2db7c9d7cabc,4,1,0,2,4,1,3,2,2,1,2,0,6,0,2,1,2,2,5,4,60
a71f5376-f752-41d4-b6df-dda7db57903f,19,64,1,2,2,2,1,2,3,2,2,2,3,6,1,1,1,1,2,1,1
bae2ae79-84b1-43fc-8b28-2db7c9d7cabc,5,0,0,1,2,1,1,2,2,0,0,1,1,0,2,0,1,1,0,1,84
273880ac-a4c8-41a5-9a68-9ecd24471e89,15,74,2,2,1,0,0,3,0,3,2,2,0,3,0,1,1,2,3,1,0
a71f5376-f752-41d4-b6df-dda7db57903f,20,54,1,3,3,4,2,2,3,4,3,1,3,6,1,1,1,3,2,1,2
273880ac-a4c8-41a5-9a68-9ecd24471e89,16,62,2,2,1,1,0,3,0,3,1,3,0,5,0,1,5,2,3,4,2
bae2ae79-84b1-43fc-8b28-2db7c9d7cabc,6,1,2,3,2,3,2,2,0,1,2,1,2,2,2,3,1,3,4,2,62
506c3399-45fb-407f-97e1-90816dcd50e6,0,5,5,5,5,5,5,5,5,5,5,5,5,5,5,5,5,5,5,5,5
273880ac-a4c8-41a5-9a68-9ecd24471e89,17,75,0,1,0,1,0,2,2,0,1,2,2,1,2,3,2,4,0,0,2
506c3399-45fb-407f-97e1-90816dcd50e6,1,0,0,2,0,1,2,0,0,1,1,1,2,1,2,1,0,1,2,1,82
bae2ae79-84b1-43fc-8b28-2db7c9d7cabc,7,2,6,2,3,3,4,2,1,1,1,1,2,2,2,3,2,3,5,3,52
506c3399-45fb-407f-97e1-90816dcd50e6,2,1,1,2,0,0,0,0,1,0,1,1,0,1,3,2,0,0,0,0,87
bae2ae79-84b1-43fc-8b28-2db7c9d7cabc,8,0,1,3,0,1,0,2,1,1,1,1,2,0,2,2,1,0,0,1,81
273880ac-a4c8-41a5-9a68-9ecd24471e89,18,52,2,2,3,2,3,6,4,1,1,2,1,2,2,5,3,2,3,2,2
506c3399-45fb-407f-97e1-90816dcd50e6,3,1,0,0,3,2,0,1,1,0,0,0,2,3,1,0,0,0,2,1,83
bae2ae79-84b1-43fc-8b28-2db7c9d7cabc,9,3,1,2,1,3,4,1,1,2,1,1,2,0,3,2,3,0,3,1,66
273880ac-a4c8-41a5-9a68-9ecd24471e89,19,41,4,2,5,3,3,8,6,1,0,3,2,2,2,4,4,2,3,2,3
506c3399-45fb-407f-97e1-90816dcd50e6,4,4,0,3,2,3,0,3,2,1,1,0,3,3,1,2,2,2,3,0,65
273880ac-a4c8-41a5-9a68-9ecd24471e89,20,85,1,1,0,0,0,0,3,1,1,2,3,0,1,1,1,0,0,0,0
bae2ae79-84b1-43fc-8b28-2db7c9d7cabc,10,2,2,2,4,5,1,2,1,2,3,0,4,4,4,1,4,3,1,2,53
506c3399-45fb-407f-97e1-90816dcd50e6,5,3,2,5,3,4,0,4,5,2,1,1,3,2,3,3,4,1,3,1,50
bae2ae79-84b1-43fc-8b28-2db7c9d7cabc,11,0,0,1,0,1,1,1,0,3,1,0,0,0,2,0,1,1,2,2,84
506c3399-45fb-407f-97e1-90816dcd50e6,6,0,0,1,0,1,1,1,0,1,1,2,2,3,2,1,2,1,1,2,78
bae2ae79-84b1-43fc-8b28-2db7c9d7cabc,12,0,4,2,1,1,2,2,1,2,2,0,3,0,2,1,1,2,2,2,70
506c3399-45fb-407f-97e1-90816dcd50e6,7,2,0,3,0,0,0,0,0,0,1,0,1,1,2,0,1,1,0,0,88
bae2ae79-84b1-43fc-8b28-2db7c9d7cabc,13,4,4,1,3,1,1,1,3,2,2,1,3,1,2,1,1,2,4,3,60
506c3399-45fb-407f-97e1-90816dcd50e6,8,4,0,5,4,1,1,0,3,3,1,1,2,3,4,1,2,2,0,0,63
bae2ae79-84b1-43fc-8b28-2db7c9d7cabc,14,3,4,1,4,3,0,2,5,4,1,2,2,3,1,0,3,3,5,5,49
506c3399-45fb-407f-97e1-90816dcd50e6,9,6,0,5,4,1,4,1,3,2,2,1,3,4,6,5,2,3,2,1,45
bae2ae79-84b1-43fc-8b28-2db7c9d7cabc,15,3,0,0,1,4,1,1,0,1,1,2,1,2,0,0,2,2,1,0,78
506c3399-45fb-407f-97e1-90816dcd50e6,10,0,0,1,1,1,1,2,0,2,0,0,1,1,1,3,1,1,3,0,81
bae2ae79-84b1-43fc-8b28-2db7c9d7cabc,16,3,2,1,1,7,2,2,1,1,4,4,1,3,0,1,1,3,0,0,63
506c3399-45fb-407f-97e1-90816dcd50e6,11,2,0,0,1,2,1,2,3,2,3,2,1,3,0,1,1,3,1,0,72
bae2ae79-84b1-43fc-8b28-2db7c9d7cabc,17,2,2,3,1,5,3,2,2,2,2,4,4,3,0,1,5,7,2,0,50
506c3399-45fb-407f-97e1-90816dcd50e6,12,5,1,2,3,2,3,2,3,2,2,2,2,2,2,2,0,3,2,0,60
bae2ae79-84b1-43fc-8b28-2db7c9d7cabc,18,0,1,0,0,1,0,2,0,1,2,1,2,0,1,1,1,0,1,0,86
506c3399-45fb-407f-97e1-90816dcd50e6,13,4,1,2,3,3,4,6,3,4,3,4,1,3,1,2,0,3,4,1,48
506c3399-45fb-407f-97e1-90816dcd50e6,14,1,0,0,0,0,0,0,2,1,0,0,0,0,1,0,1,0,1,3,90
bae2ae79-84b1-43fc-8b28-2db7c9d7cabc,19,1,2,1,0,2,0,4,1,0,1,4,4,2,1,1,2,2,2,2,68
bae2ae79-84b1-43fc-8b28-2db7c9d7cabc,20,1,2,2,0,2,1,6,1,2,1,4,4,1,0,1,4,2,2,2,62
506c3399-45fb-407f-97e1-90816dcd50e6,15,3,2,1,0,0,2,2,2,1,1,0,2,1,3,3,3,1,2,3,68
506c3399-45fb-407f-97e1-90816dcd50e6,16,3,2,1,1,4,2,4,2,1,1,0,2,1,5,5,3,2,5,4,52
1d7a3fea-a336-48a2-bb33-55e1294e7b27,0,5,5,5,5,5,5,5,5,5,5,5,5,5,5,5,5,5,5,5,5
506c3399-45fb-407f-97e1-90816dcd50e6,17,2,3,1,2,5,2,4,2,1,2,2,3,2,3,6,3,1,6,5,45
1d7a3fea-a336-48a2-bb33-55e1294e7b27,1,2,4,1,3,1,5,0,1,0,1,2,1,0,0,1,0,0,1,1,76
506c3399-45fb-407f-97e1-90816dcd50e6,18,1,2,1,1,1,0,1,1,0,0,0,1,0,2,0,0,1,0,1,87
1d7a3fea-a336-48a2-bb33-55e1294e7b27,2,2,3,2,2,1,3,0,2,2,2,3,3,2,0,4,2,1,1,3,62
506c3399-45fb-407f-97e1-90816dcd50e6,19,1,2,3,2,1,3,2,1,1,0,2,5,1,1,0,0,3,2,2,68
506c3399-45fb-407f-97e1-90816dcd50e6,20,1,2,4,1,1,4,3,1,1,1,2,7,2,1,2,1,4,4,1,57
1d7a3fea-a336-48a2-bb33-55e1294e7b27,3,3,2,3,4,1,6,2,3,1,3,3,4,1,0,5,2,3,1,5,48
1d7a3fea-a336-48a2-bb33-55e1294e7b27,4,2,0,1,2,0,3,1,0,2,0,2,1,1,0,1,1,2,0,0,81
1d7a3fea-a336-48a2-bb33-55e1294e7b27,5,3,1,3,3,1,3,2,2,3,0,2,2,2,1,1,3,2,1,2,63
6dfb248b-3f57-4080-97eb-83bf1a2d0447,0,5,5,5,5,5,5,5,5,5,5,5,5,5,5,5,5,5,5,5,5
1d7a3fea-a336-48a2-bb33-55e1294e7b27,6,1,1,1,1,1,3,1,1,5,1,1,2,1,3,0,0,2,0,1,74
f29f8706-d70c-4d61-bc7e-166269222843,0,5,5,5,5,5,5,5,5,5,5,5,5,5,5,5,5,5,5,5,5
6dfb248b-3f57-4080-97eb-83bf1a2d0447,1,0,1,1,1,0,2,0,1,2,2,1,0,3,3,1,1,0,0,1,80
f29f8706-d70c-4d61-bc7e-166269222843,1,0,0,1,0,1,1,0,1,1,0,1,4,1,2,1,0,0,2,0,84
4b0e362c-9af1-4f9a-b49b-b50d4f3421d4,0,5,5,5,5,5,5,5,5,5,5,5,5,5,5,5,5,5,5,5,5
6dfb248b-3f57-4080-97eb-83bf1a2d0447,2,1,0,1,3,1,1,1,0,1,0,2,1,0,2,2,1,1,2,2,78
1d7a3fea-a336-48a2-bb33-55e1294e7b27,7,1,1,3,1,3,0,0,1,3,0,1,1,2,1,1,3,4,1,4,69
f29f8706-d70c-4d61-bc7e-166269222843,2,0,1,3,0,3,2,0,4,2,1,1,4,1,5,2,0,0,3,0,68
6dfb248b-3f57-4080-97eb-83bf1a2d0447,3,2,1,1,2,1,2,1,0,2,0,0,1,2,1,1,0,1,1,2,79
4b0e362c-9af1-4f9a-b49b-b50d4f3421d4,1,2,1,1,1,2,3,1,0,0,3,0,3,2,0,0,0,0,1,0,80
1d7a3fea-a336-48a2-bb33-55e1294e7b27,8,3,1,3,2,4,1,2,2,5,2,3,3,1,2,3,4,5,1,6,47
f29f8706-d70c-4d61-bc7e-166269222843,3,1,1,2,1,1,1,2,1,1,2,0,2,1,2,1,0,1,0,1,79
6dfb248b-3f57-4080-97eb-83bf1a2d0447,4,0,1,3,3,2,3,3,0,4,1,1,2,2,2,2,1,1,2,2,65
4b0e362c-9af1-4f9a-b49b-b50d4f3421d4,2,2,2,1,5,2,4,2,0,1,3,2,0,3,1,2,0,1,1,1,67
1d7a3fea-a336-48a2-bb33-55e1294e7b27,9,1,2,2,1,1,1,2,1,0,2,1,2,0,0,0,0,0,1,1,82
f29f8706-d70c-4d61-bc7e-166269222843,4,1,1,2,1,3,1,2,3,1,2,1,4,0,3,3,1,2,0,1,68
6dfb248b-3f57-4080-97eb-83bf1a2d0447,5,1,0,4,5,4,4,6,0,4,2,3,3,1,2,2,1,3,3,2,50
4b0e362c-9af1-4f9a-b49b-b50d4f3421d4,3,3,2,3,3,3,6,3,2,2,2,3,0,3,3,3,0,1,1,0,57
f29f8706-d70c-4d61-bc7e-166269222843,5,1,2,3,2,4,1,2,3,1,3,2,4,2,3,6,2,2,0,1,56
1d7a3fea-a336-48a2-bb33-55e1294e7b27,10,3,1,3,2,2,1,3,2,2,2,3,2,0,2,1,3,1,2,2,63
6dfb248b-3f57-4080-97eb-83bf1a2d0447,6,0,0,1,1,1,0,1,1,0,3,2,1,1,1,0,1,1,0,0,85
f29f8706-d70c-4d61-bc7e-166269222843,6,3,1,3,1,5,1,3,3,4,3,2,4,4,4,4,0,2,2,2,49
4b0e362c-9af1-4f9a-b49b-b50d4f3421d4,4,0,0,0,1,0,0,2,1,4,2,2,2,0,3,0,0,2,0,2,79
1d7a3fea-a336-48a2-bb33-55e1294e7b27,11,0,1,1,3,1,2,1,0,0,3,0,0,1,4,1,0,1,1,1,79
6dfb248b-3f57-4080-97eb-83bf1a2d0447,7,0,0,1,3,2,0,1,1,1,1,3,4,4,2,1,1,3,0,1,71
4b0e362c-9af1-4f9a-b49b-b50d4f3421d4,5,2,0,1,2,1,0,2,2,4,3,3,2,0,3,3,0,2,1,1,68
f29f8706-d70c-4d61-bc7e-166269222843,7,1,0,1,2,2,1,1,2,0,3,1,4,1,1,0,0,0,0,1,79
6dfb248b-3f57-4080-97eb-83bf1a2d0447,8,0,0,1,5,3,1,0,3,1,2,4,4,5,2,2,4,3,2,2,56
1d7a3fea-a336-48a2-bb33-55e1294e7b27,12,0,3,1,4,2,3,1,3,1,3,0,3,2,4,2,1,1,2,3,61
f29f8706-d70c-4d61-bc7e-166269222843,8,2,1,2,3,2,2,2,1,2,2,2,4,1,2,1,0,2,2,3,64
4b0e362c-9af1-4f9a-b49b-b50d4f3421d4,6,2,1,2,2,2,1,3,5,2,1,3,2,2,3,4,4,4,3,2,52
1d7a3fea-a336-48a2-bb33-55e1294e7b27,13,2,3,2,5,4,2,0,3,2,2,0,4,4,3,1,3,0,2,4,54
6dfb248b-3f57-4080-97eb-83bf1a2d0447,9,0,1,1,5,2,1,1,3,1,5,2,6,6,4,2,5,5,6,2,42
f29f8706-d70c-4d61-bc7e-166269222843,9,3,1,3,3,3,3,2,1,2,3,5,6,1,2,1,0,2,3,2,54
4b0e362c-9af1-4f9a-b49b-b50d4f3421d4,7,3,1,1,1,1,0,1,2,0,0,2,1,0,1,0,1,1,0,1,83
1d7a3fea-a336-48a2-bb33-55e1294e7b27,14,2,3,3,4,5,3,0,3,2,2,1,5,6,4,1,3,1,5,4,43
f29f8706-d70c-4d61-bc7e-166269222843,10,3,1,1,2,4,3,2,1,5,5,5,7,0,5,2,0,1,5,2,46
6dfb248b-3f57-4080-97eb-83bf1a2d0447,10,0,2,1,1,0,0,0,1,1,0,0,1,1,1,2,1,0,0,3,85
4b0e362c-9af1-4f9a-b49b-b50d4f3421d4,8,3,2,3,1,2,1,2,2,2,0,3,2,3,3,1,1,3,1,2,63
6dfb248b-3f57-4080-97eb-83bf1a2d0447,11,0,1,0,1,0,0,1,0,0,0,3,0,0,2,2,0,1,2,0,87
f29f8706-d70c-4d61-bc7e-166269222843,11,0,1,1,1,1,2,0,0,0,3,0,1,0,1,0,3,1,1,0,84
1d7a3fea-a336-48a2-bb33-55e1294e7b27,15,1,1,2,1,0,2,2,2,0,1,0,2,2,1,0,1,1,0,1,80
f29f8706-d70c-4d61-bc7e-166269222843,12,2,2,1,2,2,3,1,0,0,4,1,2,2,3,0,4,1,0,1,69
4b0e362c-9af1-4f9a-b49b-b50d4f3421d4,9,1,2,5,1,2,6,1,3,3,1,4,2,2,5,0,1,5,2,2,52
1d7a3fea-a336-48a2-bb33-55e1294e7b27,16,3,2,2,1,0,2,2,0,0,4,1,1,5,5,1,1,2,0,2,66
6dfb248b-3f57-4080-97eb-83bf1a2d0447,12,0,1,3,0,2,0,3,3,3,0,1,0,2,1,0,1,2,0,2,76
f29f8706-d70c-4d61-bc7e-166269222843,13,1,2,2,2,2,4,2,4,1,4,2,2,0,5,0,6,1,1,2,57
1d7a3fea-a336-48a2-bb33-55e1294e7b27,17,3,3,2,1,0,3,2,1,2,4,1,0,4,6,1,1,2,2,2,60
4b0e362c-9af1-4f9a-b49b-b50d4f3421d4,10,1,1,11,2,2,7,1,4,5,2,3,1,3,5,2,1,6,3,4,36
6dfb248b-3f57-4080-97eb-83bf1a2d0447,13,2,1,0,1,2,2,0,1,1,0,0,1,1,0,0,1,0,0,2,85
f29f8706-d70c-4d61-bc7e-166269222843,14,2,3,3,2,2,4,4,6,2,3,2,1,1,5,0,7,3,2,1,47
4b0e362c-9af1-4f9a-b49b-b50d4f3421d4,11,1,0,1,1,0,3,1,2,0,0,0,2,1,0,0,1,1,0,1,85
6dfb248b-3f57-4080-97eb-83bf1a2d0447,14,1,0,1,0,2,1,0,2,1,1,0,0,1,2,2,0,1,1,6,78
1d7a3fea-a336-48a2-bb33-55e1294e7b27,18,1,3,2,1,2,5,3,3,2,4,1,3,8,6,3,1,2,2,2,46
f29f8706-d70c-4d61-bc7e-166269222843,15,0,1,0,2,1,1,3,1,2,1,1,0,0,1,1,1,0,1,0,83
4b0e362c-9af1-4f9a-b49b-b50d4f3421d4,12,1,1,2,2,1,5,0,2,0,2,1,3,3,1,0,2,4,1,1,68
6dfb248b-3f57-4080-97eb-83bf1a2d0447,15,3,2,1,2,2,2,1,3,2,1,3,1,1,4,2,1,1,1,6,61
1d7a3fea-a336-48a2-bb33-55e1294e7b27,19,0,1,1,0,2,4,1,1,2,1,0,3,0,2,1,2,0,0,1,78
f29f8706-d70c-4d61-bc7e-166269222843,16,0,3,1,1,2,1,3,4,5,1,2,1,1,1,1,1,1,1,1,69
4b0e362c-9af1-4f9a-b49b-b50d4f3421d4,13,2,2,4,3,2,6,3,3,0,2,2,3,3,1,1,3,4,0,0,56
6dfb248b-3f57-4080-97eb-83bf1a2d0447,16,3,2,2,4,4,2,1,4,5,2,6,1,2,3,2,1,1,0,6,49
1d7a3fea-a336-48a2-bb33-55e1294e7b27,20,0,2,3,0,3,3,1,1,3,3,1,5,1,1,3,3,0,0,2,65
f29f8706-d70c-4d61-bc7e-166269222843,17,1,4,4,2,2,4,3,5,6,1,2,0,1,1,1,2,2,2,1,56
4b0e362c-9af1-4f9a-b49b-b50d4f3421d4,14,4,2,4,4,2,7,4,3,0,2,1,3,3,1,3,3,5,1,2,46
6dfb248b-3f57-4080-97eb-83bf1a2d0447,17,3,3,0,0,0,1,3,0,2,1,0,1,1,0,0,2,2,1,0,80
f29f8706-d70c-4d61-bc7e-166269222843,18,1,5,4,2,1,5,5,4,6,1,6,2,1,2,1,2,2,3,1,46
4b0e362c-9af1-4f9a-b49b-b50d4f3421d4,15,0,0,2,0,3,1,0,0,0,1,3,1,0,3,0,0,0,0,0,86
f29f8706-d70c-4d61-bc7e-166269222843,19,1,2,0,1,0,2,1,1,0,1,0,1,2,1,1,1,0,0,0,85
6dfb248b-3f57-4080-97eb-83bf1a2d0447,18,5,3,1,2,1,1,3,2,2,2,0,1,2,1,4,4,4,2,0,60
4b0e362c-9af1-4f9a-b49b-b50d4f3421d4,16,0,4,2,0,4,2,0,1,2,3,3,3,0,4,2,1,1,0,0,68
f29f8706-d70c-4d61-bc7e-166269222843,20,2,3,1,2,1,2,1,3,0,2,1,1,1,2,0,0,0,2,1,75
6dfb248b-3f57-4080-97eb-83bf1a2d0447,19,6,4,1,2,1,3,5,1,2,6,2,1,3,1,5,3,4,4,1,45
4b0e362c-9af1-4f9a-b49b-b50d4f3421d4,17,1,4,2,2,5,2,0,3,0,4,4,5,2,6,5,1,1,2,0,51
6dfb248b-3f57-4080-97eb-83bf1a2d0447,20,1,0,1,0,2,2,1,1,0,2,0,0,0,1,0,2,0,0,0,87
4b0e362c-9af1-4f9a-b49b-b50d4f3421d4,18,2,0,0,2,2,1,0,0,2,1,0,4,0,2,0,1,3,0,0,80
4b0e362c-9af1-4f9a-b49b-b50d4f3421d4,19,4,0,1,3,2,2,0,1,3,2,2,5,2,3,0,0,5,2,1,62
4b0e362c-9af1-4f9a-b49b-b50d4f3421d4,20,1,0,1,3,1,1,1,1,1,0,0,1,0,0,1,2,0,3,3,80
be667389-63d8-4577-99bd-b33b7c49aa70,0,5,5,5,5,5,5,5,5,5,5,5,5,5,5,5,5,5,5,5,5
be667389-63d8-4577-99bd-b33b7c49aa70,1,2,0,2,3,76,2,0,2,1,3,0,1,1,1,3,0,0,2,0,1
be667389-63d8-4577-99bd-b33b7c49aa70,2,3,4,3,4,63,3,1,2,1,5,0,2,0,3,1,1,0,1,1,2
be667389-63d8-4577-99bd-b33b7c49aa70,3,1,0,1,3,87,2,1,1,1,0,0,0,0,1,0,0,0,1,1,0
be667389-63d8-4577-99bd-b33b7c49aa70,4,3,1,3,5,63,4,2,1,1,4,1,1,1,2,0,1,0,1,1,5
be667389-63d8-4577-99bd-b33b7c49aa70,5,3,2,1,4,54,4,2,2,2,4,4,2,2,2,2,1,0,4,1,4
be667389-63d8-4577-99bd-b33b7c49aa70,6,3,2,2,1,42,4,3,3,3,4,5,3,2,4,2,4,1,4,2,6
be667389-63d8-4577-99bd-b33b7c49aa70,7,2,0,0,0,81,0,2,1,2,1,0,2,0,1,1,2,0,3,1,1
be667389-63d8-4577-99bd-b33b7c49aa70,8,1,0,2,0,68,1,4,3,3,1,1,4,1,1,1,3,0,3,2,1
be667389-63d8-4577-99bd-b33b7c49aa70,9,3,1,2,3,55,2,4,3,3,1,2,4,0,3,1,2,1,6,1,3
be667389-63d8-4577-99bd-b33b7c49aa70,10,1,1,3,1,77,0,1,1,1,1,1,1,3,1,2,0,3,1,0,1
be667389-63d8-4577-99bd-b33b7c49aa70,11,0,1,3,1,69,0,0,1,1,2,7,3,1,4,2,0,1,2,1,1
be667389-63d8-4577-99bd-b33b7c49aa70,12,2,3,2,1,55,0,1,2,2,3,6,2,2,4,2,1,3,3,3,3
be667389-63d8-4577-99bd-b33b7c49aa70,13,0,4,2,1,50,0,1,2,3,4,6,2,4,5,3,1,2,3,2,5
be667389-63d8-4577-99bd-b33b7c49aa70,14,0,2,0,2,75,1,2,1,1,1,2,2,3,1,2,0,2,1,1,1
8348afd2-81cb-4b11-b6a5-befecf3f873a,0,5,5,5,5,5,5,5,5,5,5,5,5,5,5,5,5,5,5,5,5
be667389-63d8-4577-99bd-b33b7c49aa70,15,2,4,1,1,59,2,2,3,3,3,2,1,4,4,2,0,2,1,1,3
8348afd2-81cb-4b11-b6a5-befecf3f873a,1,2,0,1,1,80,3,2,2,1,0,4,0,0,0,0,2,2,0,0,0
be667389-63d8-4577-99bd-b33b7c49aa70,16,2,4,3,2,46,2,4,2,4,3,3,1,5,3,3,2,4,1,1,5
8348afd2-81cb-4b11-b6a5-befecf3f873a,2,2,0,2,1,70,2,2,2,2,0,2,2,2,2,1,2,2,0,3,1
be667389-63d8-4577-99bd-b33b7c49aa70,17,1,0,2,0,80,2,1,0,1,1,0,2,1,1,2,0,1,3,1,1
8348afd2-81cb-4b11-b6a5-befecf3f873a,3,4,0,5,2,51,4,3,4,1,1,4,3,1,4,3,3,4,0,2,1
be667389-63d8-4577-99bd-b33b7c49aa70,18,1,1,2,1,68,3,1,1,1,1,3,3,2,2,1,1,3,2,2,1
be667389-63d8-4577-99bd-b33b7c49aa70,19,0,2,1,2,60,4,3,2,2,2,4,2,2,3,1,1,3,3,2,1
8348afd2-81cb-4b11-b6a5-befecf3f873a,4,2,1,1,1,81,1,0,3,1,1,1,1,1,2,1,1,0,1,0,0
be667389-63d8-4577-99bd-b33b7c49aa70,20,0,3,0,3,53,4,2,2,3,2,5,4,3,3,3,1,3,3,2,1
8348afd2-81cb-4b11-b6a5-befecf3f873a,5,0,0,1,0,83,1,4,0,2,2,0,0,1,0,1,0,1,1,3,0
c3231aab-9a37-4ddf-a407-0514a9879b2a,0,5,5,5,5,5,5,5,5,5,5,5,5,5,5,5,5,5,5,5,5
8348afd2-81cb-4b11-b6a5-befecf3f873a,6,1,1,3,0,69,2,3,0,4,5,0,0,4,0,2,1,2,0,3,0
c3231aab-9a37-4ddf-a407-0514a9879b2a,1,0,1,1,0,85,2,1,0,0,0,1,3,0,0,1,2,2,0,0,1
8348afd2-81cb-4b11-b6a5-befecf3f873a,7,1,2,2,1,57,2,4,1,4,4,0,1,5,2,2,1,3,1,4,3
c3231aab-9a37-4ddf-a407-0514a9879b2a,2,0,2,2,1,77,2,2,0,3,1,3,2,0,0,0,1,0,1,1,2
8348afd2-81cb-4b11-b6a5-befecf3f873a,8,1,2,2,3,44,3,3,2,5,4,3,1,5,4,1,0,5,2,5,5
c3231aab-9a37-4ddf-a407-0514a9879b2a,3,1,3,2,3,59,3,2,1,3,2,2,2,1,0,2,3,1,1,3,6
6927f05b-5413-4316-8495-2212f74e7b28,0,5,5,5,5,5,5,5,5,5,5,5,5,5,5,5,5,5,5,5,5
8348afd2-81cb-4b11-b6a5-befecf3f873a,9,2,0,0,3,82,0,1,1,2,0,0,0,2,0,2,0,3,2,0,0
c3231aab-9a37-4ddf-a407-0514a9879b2a,4,3,2,3,6,51,6,4,2,4,4,2,1,1,0,0,2,1,3,2,3
6927f05b-5413-4316-8495-2212f74e7b28,1,0,1,0,1,85,0,0,2,2,0,1,1,1,0,2,1,2,1,0,0
c3231aab-9a37-4ddf-a407-0514a9879b2a,5,1,1,0,0,86,1,3,3,0,0,2,0,2,1,0,0,0,0,0,0
8348afd2-81cb-4b11-b6a5-befecf3f873a,10,4,1,1,4,67,0,1,3,1,1,1,2,2,1,4,0,2,4,0,1
6927f05b-5413-4316-8495-2212f74e7b28,2,0,0,1,2,82,1,3,1,1,1,1,1,0,0,1,0,1,0,2,2
c3231aab-9a37-4ddf-a407-0514a9879b2a,6,1,0,2,0,83,2,1,1,1,0,1,0,0,1,2,0,4,0,1,0
8348afd2-81cb-4b11-b6a5-befecf3f873a,11,6,1,3,4,53,1,5,3,1,1,2,1,2,3,6,1,3,4,0,0
c3231aab-9a37-4ddf-a407-0514a9879b2a,7,1,1,3,2,63,3,6,2,2,0,3,0,0,2,3,1,3,2,1,2
c3231aab-9a37-4ddf-a407-0514a9879b2a,8,1,3,3,2,54,2,6,4,2,0,5,0,0,2,2,2,3,2,2,5
8348afd2-81cb-4b11-b6a5-befecf3f873a,12,5,1,5,4,45,1,6,2,1,1,3,2,2,3,5,4,3,4,2,1
c3231aab-9a37-4ddf-a407-0514a9879b2a,9,3,2,5,2,48,1,3,5,2,0,6,0,2,1,2,1,7,3,2,5
8348afd2-81cb-4b11-b6a5-befecf3f873a,13,1,0,0,0,86,1,1,0,1,1,0,0,1,3,1,2,1,0,1,0
c3231aab-9a37-4ddf-a407-0514a9879b2a,10,2,1,0,1,84,2,1,1,0,0,0,0,1,0,0,3,1,1,1,1
6927f05b-5413-4316-8495-2212f74e7b28,3,1,0,2,3,66,3,3,2,1,3,2,1,1,0,2,2,1,4,2,1
8348afd2-81cb-4b11-b6a5-befecf3f873a,14,3,0,1,0,73,1,2,1,2,1,2,1,3,1,1,3,3,0,2,0
c3231aab-9a37-4ddf-a407-0514a9879b2a,11,4,2,0,1,63,1,0,4,1,1,2,2,4,0,0,4,4,3,2,2
8348afd2-81cb-4b11-b6a5-befecf3f873a,15,2,0,2,0,61,4,2,1,1,1,4,2,6,1,1,3,4,2,2,1
c3231aab-9a37-4ddf-a407-0514a9879b2a,12,7,2,0,1,50,3,0,3,3,1,5,4,5,1,0,3,3,3,3,3
8348afd2-81cb-4b11-b6a5-befecf3f873a,16,2,1,3,2,42,4,4,0,2,2,4,2,6,1,5,3,4,3,6,4
c3231aab-9a37-4ddf-a407-0514a9879b2a,13,1,0,1,1,85,0,1,1,0,1,1,0,2,3,0,2,0,0,0,1
6927f05b-5413-4316-8495-2212f74e7b28,4,2,2,1,4,56,4,5,3,1,5,1,0,1,0,1,4,1,6,2,1
8348afd2-81cb-4b11-b6a5-befecf3f873a,17,0,2,0,1,86,2,1,0,0,2,0,0,2,0,0,1,0,0,0,3
c3231aab-9a37-4ddf-a407-0514a9879b2a,14,3,0,0,1,69,1,4,3,1,3,2,0,4,4,0,2,1,0,0,2
8348afd2-81cb-4b11-b6a5-befecf3f873a,18,0,3,1,1,77,2,1,2,0,3,0,1,3,1,1,2,0,0,0,2
6927f05b-5413-4316-8495-2212f74e7b28,5,1,0,1,4,54,3,6,2,2,5,1,1,2,2,1,5,1,5,3,1
c3231aab-9a37-4ddf-a407-0514a9879b2a,15,3,0,1,2,51,1,4,4,3,3,4,1,5,4,0,5,3,1,2,3
c3231aab-9a37-4ddf-a407-0514a9879b2a,16,1,0,0,3,84,1,1,1,0,2,2,0,0,1,0,0,1,0,2,1
6927f05b-5413-4316-8495-2212f74e7b28,6,2,0,1,0,86,1,0,0,0,1,2,0,0,1,1,1,1,2,1,0
8348afd2-81cb-4b11-b6a5-befecf3f873a,19,1,2,0,3,55,2,1,4,4,4,3,4,3,2,3,3,2,2,0,2
6927f05b-5413-4316-8495-2212f74e7b28,7,2,2,2,1,72,1,1,0,5,2,2,0,1,2,1,1,2,1,1,1
c3231aab-9a37-4ddf-a407-0514a9879b2a,17,1,0,0,4,66,1,0,4,1,2,3,0,3,3,1,0,3,0,5,3
8348afd2-81cb-4b11-b6a5-befecf3f873a,20,1,5,1,6,42,2,1,6,5,4,4,6,1,2,2,4,2,2,1,3
6927f05b-5413-4316-8495-2212f74e7b28,8,2,2,1,2,64,3,3,0,4,2,1,1,3,2,1,1,3,2,0,3
c3231aab-9a37-4ddf-a407-0514a9879b2a,18,2,4,2,7,55,0,0,2,2,4,2,1,2,2,0,0,3,0,9,3
c3231aab-9a37-4ddf-a407-0514a9879b2a,19,5,5,2,8,43,0,0,3,3,4,3,1,2,2,1,0,4,1,8,5
6927f05b-5413-4316-8495-2212f74e7b28,9,2,3,1,3,53,2,5,0,3,3,3,1,2,0,3,1,7,1,1,6
c3231aab-9a37-4ddf-a407-0514a9879b2a,20,1,5,1,1,78,1,1,0,0,1,2,0,0,2,2,1,0,2,1,1
6927f05b-5413-4316-8495-2212f74e7b28,10,1,1,1,0,80,0,4,2,0,0,0,1,0,1,1,1,1,2,3,1
6927f05b-5413-4316-8495-2212f74e7b28,11,0,1,5,1,69,2,4,2,1,0,0,2,0,1,1,1,2,3,3,2
9153a953-65db-4177-bec3-e94246ab2af8,0,5,5,5,5,5,5,5,5,5,5,5,5,5,5,5,5,5,5,5,5
2d4f271b-93ee-4323-9d62-acf37419c692,0,5,5,5,5,5,5,5,5,5,5,5,5,5,5,5,5,5,5,5,5
9153a953-65db-4177-bec3-e94246ab2af8,1,1,0,1,2,84,0,2,2,0,2,0,0,0,1,0,1,1,0,1,2
2d4f271b-93ee-4323-9d62-acf37419c692,1,0,1,1,1,86,1,0,1,1,0,1,1,2,1,1,0,0,1,0,1
6927f05b-5413-4316-8495-2212f74e7b28,12,1,0,5,0,57,1,3,4,2,3,4,1,3,1,1,5,2,2,3,2
bfff06d8-c9c1-403f-81e8-542b548adcee,0,5,5,5,5,5,5,5,5,5,5,5,5,5,5,5,5,5,5,5,5
9153a953-65db-4177-bec3-e94246ab2af8,2,1,1,2,2,63,2,3,3,3,3,3,1,2,3,0,1,1,1,2,3
6927f05b-5413-4316-8495-2212f74e7b28,13,1,0,6,0,49,2,5,5,3,3,5,3,3,1,1,4,2,2,2,3
2d4f271b-93ee-4323-9d62-acf37419c692,2,0,0,2,1,67,2,1,2,1,4,3,2,2,1,1,3,1,1,3,3
bfff06d8-c9c1-403f-81e8-542b548adcee,1,1,2,1,0,77,2,2,2,0,1,1,2,1,0,2,2,3,1,0,0
9153a953-65db-4177-bec3-e94246ab2af8,3,2,2,2,2,49,3,3,6,4,2,3,1,4,5,0,3,1,0,5,3
6927f05b-5413-4316-8495-2212f74e7b28,14,2,2,1,1,79,1,0,4,2,1,1,0,0,1,0,1,1,3,0,0
2d4f271b-93ee-4323-9d62-acf37419c692,3,2,2,1,1,81,0,2,1,1,1,0,1,3,2,0,0,0,1,1,0
bfff06d8-c9c1-403f-81e8-542b548adcee,2,1,2,1,1,66,3,3,3,1,2,2,2,1,1,3,3,3,1,1,0
2d4f271b-93ee-4323-9d62-acf37419c692,4,2,3,1,3,66,0,2,2,0,2,1,2,3,3,1,2,3,2,1,1
6927f05b-5413-4316-8495-2212f74e7b28,15,1,1,0,1,68,2,0,5,5,3,1,0,2,3,1,1,1,4,1,0
9153a953-65db-4177-bec3-e94246ab2af8,4,1,2,3,1,80,1,1,0,0,2,2,1,0,1,2,0,3,0,0,0
bfff06d8-c9c1-403f-81e8-542b548adcee,3,1,3,2,1,57,2,4,4,1,2,3,3,2,2,4,4,1,2,1,1
2d4f271b-93ee-4323-9d62-acf37419c692,5,3,4,3,4,57,0,2,1,2,2,2,3,4,2,2,1,3,4,1,0
6927f05b-5413-4316-8495-2212f74e7b28,16,4,2,1,0,56,2,2,4,4,2,2,0,3,5,4,2,0,3,3,1
9153a953-65db-4177-bec3-e94246ab2af8,5,4,2,4,2,59,2,1,1,1,1,2,5,4,1,5,1,5,0,0,0
bfff06d8-c9c1-403f-81e8-542b548adcee,4,2,3,3,1,44,2,4,5,1,4,4,5,3,3,4,3,1,2,2,4
2d4f271b-93ee-4323-9d62-acf37419c692,6,4,3,2,5,49,0,1,1,2,2,6,4,5,2,2,1,3,6,1,1
6927f05b-5413-4316-8495-2212f74e7b28,17,4,2,1,3,50,3,2,3,2,0,4,0,3,5,3,2,2,5,4,2
9153a953-65db-4177-bec3-e94246ab2af8,6,4,2,1,3,51,2,1,4,3,2,2,5,5,1,8,0,4,0,1,1
2d4f271b-93ee-4323-9d62-acf37419c692,7,0,0,1,1,85,0,2,0,2,2,1,1,1,0,0,2,1,0,1,0
bfff06d8-c9c1-403f-81e8-542b548adcee,5,0,1,0,1,82,1,0,2,2,2,0,0,0,1,0,1,2,2,2,1
9153a953-65db-4177-bec3-e94246ab2af8,7,0,1,0,0,88,0,0,1,2,1,0,1,0,0,2,3,1,0,0,0
6927f05b-5413-4316-8495-2212f74e7b28,18,1,2,1,0,82,1,0,2,1,2,2,1,2,0,0,1,0,2,0,0
2d4f271b-93ee-4323-9d62-acf37419c692,8,1,0,1,2,68,2,3,0,2,3,3,0,1,4,3,3,1,0,3,0
bfff06d8-c9c1-403f-81e8-542b548adcee,6,0,4,1,1,64,3,2,2,2,5,3,0,0,1,2,2,2,2,2,2
6927f05b-5413-4316-8495-2212f74e7b28,19,1,1,1,0,72,4,0,2,1,2,2,2,4,1,1,1,0,2,2,1
9153a953-65db-4177-bec3-e94246ab2af8,8,3,1,0,2,64,1,0,3,3,2,2,4,2,2,2,3,1,0,3,2
2d4f271b-93ee-4323-9d62-acf37419c692,9,1,0,1,2,76,2,0,4,1,3,2,1,0,2,0,1,0,0,1,3
9153a953-65db-4177-bec3-e94246ab2af8,9,3,4,2,3,54,1,0,4,4,2,2,4,4,3,2,2,1,0,3,2
6927f05b-5413-4316-8495-2212f74e7b28,20,3,0,2,1,57,4,1,2,2,3,1,3,5,1,4,0,3,4,3,1
2d4f271b-93ee-4323-9d62-acf37419c692,10,2,2,1,3,65,3,2,2,0,3,3,3,3,2,0,0,0,0,2,4
9153a953-65db-4177-bec3-e94246ab2af8,10,4,5,3,5,42,2,0,4,4,2,2,5,4,2,3,4,4,1,2,2
2d4f271b-93ee-4323-9d62-acf37419c692,11,3,3,1,2,58,2,1,3,1,6,3,5,3,2,1,0,1,0,1,4
9153a953-65db-4177-bec3-e94246ab2af8,11,1,1,0,0,82,1,1,3,1,1,2,1,1,0,0,1,0,0,2,2
7ef537f6-6a96-47b0-ac81-8ced2ca392ed,0,5,5,5,5,5,5,5,5,5,5,5,5,5,5,5,5,5,5,5,5
2d4f271b-93ee-4323-9d62-acf37419c692,12,4,3,2,1,50,2,4,2,3,5,3,5,3,2,1,4,0,1,1,4
9153a953-65db-4177-bec3-e94246ab2af8,12,0,2,0,0,68,1,3,4,1,2,2,2,3,0,3,2,0,1,2,4
7ef537f6-6a96-47b0-ac81-8ced2ca392ed,1,1,0,2,3,80,0,0,0,1,0,1,1,0,2,0,2,1,1,2,3
2d4f271b-93ee-4323-9d62-acf37419c692,13,3,0,3,0,77,2,0,2,1,0,2,1,0,0,1,3,2,1,0,2
9153a953-65db-4177-bec3-e94246ab2af8,13,1,3,1,2,57,1,3,2,2,2,3,4,2,0,4,2,0,3,2,6
bfff06d8-c9c1-403f-81e8-542b548adcee,7,2,5,2,1,54,3,3,2,3,3,4,0,0,3,3,2,2,3,3,2
7ef537f6-6a96-47b0-ac81-8ced2ca392ed,2,4,2,2,2,69,1,0,0,1,0,1,2,0,3,1,4,2,1,2,3
9153a953-65db-4177-bec3-e94246ab2af8,14,1,3,1,2,44,1,3,2,2,4,5,4,2,2,5,5,0,4,4,6
2d4f271b-93ee-4323-9d62-acf37419c692,14,6,1,4,1,56,2,1,3,2,2,3,1,0,1,5,3,4,2,0,3
7ef537f6-6a96-47b0-ac81-8ced2ca392ed,3,1,0,1,4,78,0,0,2,2,3,1,0,1,2,1,1,1,1,1,0
9153a953-65db-4177-bec3-e94246ab2af8,15,1,2,0,2,82,2,1,0,0,2,1,2,0,2,0,1,0,0,2,0
2d4f271b-93ee-4323-9d62-acf37419c692,15,4,1,4,0,47,3,1,5,4,3,4,2,1,2,5,1,4,3,1,5
7ef537f6-6a96-47b0-ac81-8ced2ca392ed,4,1,0,3,6,62,0,0,3,7,4,1,0,0,5,1,3,1,1,2,0
2d4f271b-93ee-4323-9d62-acf37419c692,16,1,1,0,1,87,1,1,2,1,0,1,0,1,1,1,0,0,0,0,1
9153a953-65db-4177-bec3-e94246ab2af8,16,2,3,0,3,70,1,1,0,2,3,2,4,0,3,1,2,1,0,2,0
bfff06d8-c9c1-403f-81e8-542b548adcee,8,4,4,0,3,38,2,7,3,6,6,2,1,2,4,3,3,5,2,3,2
2d4f271b-93ee-4323-9d62-acf37419c692,17,4,1,0,2,75,1,2,2,0,1,2,0,1,3,1,0,1,0,1,3
9153a953-65db-4177-bec3-e94246ab2af8,17,3,1,1,2,66,1,1,0,1,4,2,5,0,2,2,3,0,3,1,2
7ef537f6-6a96-47b0-ac81-8ced2ca392ed,5,2,1,1,2,80,4,1,0,0,2,2,2,1,1,0,0,0,0,0,1
bfff06d8-c9c1-403f-81e8-542b548adcee,9,1,1,0,1,85,0,2,0,0,0,0,0,2,1,2,0,1,0,2,2
9153a953-65db-4177-bec3-e94246ab2af8,18,3,1,1,2,54,2,2,1,2,5,3,5,1,2,1,5,1,4,2,3
2d4f271b-93ee-4323-9d62-acf37419c692,18,3,3,1,5,56,2,3,2,3,0,2,1,2,6,2,1,2,1,1,4
7ef537f6-6a96-47b0-ac81-8ced2ca392ed,6,1,3,0,2,71,3,3,2,2,2,2,3,1,0,1,0,0,2,1,1
9153a953-65db-4177-bec3-e94246ab2af8,19,3,3,0,2,50,2,4,0,2,5,2,6,3,2,2,2,4,3,1,4
2d4f271b-93ee-4323-9d62-acf37419c692,19,3,2,1,4,46,2,3,2,4,2,2,3,2,6,0,6,4,1,3,4
7ef537f6-6a96-47b0-ac81-8ced2ca392ed,7,3,0,2,1,75,0,2,1,2,1,2,2,1,2,2,1,1,0,2,0
bfff06d8-c9c1-403f-81e8-542b548adcee,10,2,1,0,1,73,2,2,0,2,0,1,0,1,1,4,1,2,2,1,4
9153a953-65db-4177-bec3-e94246ab2af8,20,0,2,0,1,82,3,1,1,1,0,1,1,0,1,2,2,2,0,0,0
2d4f271b-93ee-4323-9d62-acf37419c692,20,0,1,2,0,79,2,0,0,2,1,1,0,2,3,3,1,2,1,0,0
7ef537f6-6a96-47b0-ac81-8ced2ca392ed,8,3,1,3,1,62,1,3,1,2,2,5,2,3,2,2,1,1,2,2,1
7ef537f6-6a96-47b0-ac81-8ced2ca392ed,9,4,3,5,1,45,3,3,3,3,3,6,2,3,2,3,1,3,3,2,2
bfff06d8-c9c1-403f-81e8-542b548adcee,11,2,1,2,3,59,3,3,2,2,1,2,2,1,1,5,0,2,3,3,3
7ef537f6-6a96-47b0-ac81-8ced2ca392ed,10,1,1,1,0,82,0,3,1,0,0,1,2,2,0,0,0,0,2,1,3
7ef537f6-6a96-47b0-ac81-8ced2ca392ed,11,4,2,4,0,62,1,3,0,1,1,2,2,5,1,2,3,0,2,3,2
7ef537f6-6a96-47b0-ac81-8ced2ca392ed,12,3,4,4,0,48,0,6,3,1,3,1,3,4,4,3,2,1,2,4,4
7ef537f6-6a96-47b0-ac81-8ced2ca392ed,13,1,2,1,0,82,0,1,2,1,1,1,0,1,0,1,1,0,0,4,1
7ef537f6-6a96-47b0-ac81-8ced2ca392ed,14,3,2,3,0,60,1,1,3,1,1,2,4,1,0,3,3,1,2,7,2
bfff06d8-c9c1-403f-81e8-542b548adcee,12,2,1,2,6,51,3,4,2,3,3,3,3,1,0,5,1,2,4,3,1
bfff06d8-c9c1-403f-81e8-542b548adcee,13,3,2,2,6,44,3,6,2,3,4,3,3,1,1,6,1,2,4,3,1
7ef537f6-6a96-47b0-ac81-8ced2ca392ed,15,3,4,3,0,51,2,2,4,1,1,2,4,3,1,2,4,2,2,5,4
7ef537f6-6a96-47b0-ac81-8ced2ca392ed,16,2,1,0,0,82,2,0,1,2,0,0,1,0,0,0,0,1,3,4,1
7ef537f6-6a96-47b0-ac81-8ced2ca392ed,17,1,3,1,1,67,2,0,0,4,1,1,1,1,0,3,1,4,3,4,2
bfff06d8-c9c1-403f-81e8-542b548adcee,14,1,1,0,2,87,0,0,0,2,1,0,1,0,0,0,2,0,2,0,1
7ef537f6-6a96-47b0-ac81-8ced2ca392ed,18,2,4,3,2,51,3,2,1,4,1,2,1,3,1,3,1,4,4,7,1
7ef537f6-6a96-47b0-ac81-8ced2ca392ed,19,3,2,7,3,42,3,2,2,4,3,2,3,3,4,3,1,3,3,6,1
7ef537f6-6a96-47b0-ac81-8ced2ca392ed,20,1,0,0,2,78,4,1,0,0,1,1,1,1,2,3,2,0,0,0,3
bfff06d8-c9c1-403f-81e8-542b548adcee,15,2,3,2,1,72,1,0,1,3,1,1,1,0,0,0,3,0,5,2,2
bfff06d8-c9c1-403f-81e8-542b548adcee,16,1,5,4,2,55,0,3,1,2,2,2,3,2,1,2,4,0,5,3,3
bfff06d8-c9c1-403f-81e8-542b548adcee,17,2,5,4,3,48,0,4,2,2,3,2,3,3,1,3,6,0,3,3,3
bfff06d8-c9c1-403f-81e8-542b548adcee,18,0,1,1,1,82,0,2,1,1,1,4,0,1,0,0,0,3,0,0,2
bfff06d8-c9c1-403f-81e8-542b548adcee,19,0,3,1,3,65,0,1,3,1,1,6,0,2,0,2,2,3,1,2,4
bfff06d8-c9c1-403f-81e8-542b548adcee,20,2,3,2,2,56,0,1,4,4,1,8,0,5,0,1,1,4,1,1,4
4874bc09-453b-420c-aef7-20386602d2ce,0,5,5,5,5,5,5,5,5,5,5,5,5,5,5,5,5,5,5,5,5
28cd6341-51d3-4549-a808-5ec908e1d9b8,0,5,5,5,5,5,5,5,5,5,5,5,5,5,5,5,5,5,5,5,5
4874bc09-453b-420c-aef7-20386602d2ce,1,0,1,1,0,80,2,0,2,0,0,1,1,1,1,2,3,2,1,1,1
28cd6341-51d3-4549-a808-5ec908e1d9b8,1,1,1,0,1,0,1,0,0,1,78,4,2,2,1,1,1,3,1,2,0
4874bc09-453b-420c-aef7-20386602d2ce,2,0,0,1,1,64,2,1,2,3,3,0,3,1,2,3,5,3,0,5,1
28cd6341-51d3-4549-a808-5ec908e1d9b8,2,0,4,2,5,2,1,0,5,0,55,5,3,4,1,4,1,3,2,2,1
4874bc09-453b-420c-aef7-20386602d2ce,3,2,2,1,0,79,3,1,2,0,0,0,1,1,2,2,1,0,1,2,0
28cd6341-51d3-4549-a808-5ec908e1d9b8,3,1,4,2,6,2,2,1,5,1,44,6,6,4,2,3,3,2,2,3,1
4874bc09-453b-420c-aef7-20386602d2ce,4,3,2,3,3,58,3,2,3,0,0,0,5,2,2,3,4,0,3,3,1
28cd6341-51d3-4549-a808-5ec908e1d9b8,4,0,3,0,0,1,2,1,1,2,81,1,2,0,1,0,0,2,1,0,2
4874bc09-453b-420c-aef7-20386602d2ce,5,3,0,4,4,50,3,3,4,2,0,0,2,5,2,3,4,2,4,4,1
28cd6341-51d3-4549-a808-5ec908e1d9b8,5,0,6,0,0,1,5,1,1,3,64,1,3,2,1,2,0,5,1,1,3
4874bc09-453b-420c-aef7-20386602d2ce,6,0,3,1,1,81,0,1,3,1,0,1,1,0,0,1,0,2,1,1,2
28cd6341-51d3-4549-a808-5ec908e1d9b8,6,1,5,2,1,4,5,3,1,3,50,1,3,2,2,5,2,6,2,1,1
4874bc09-453b-420c-aef7-20386602d2ce,7,2,3,5,1,65,1,2,3,3,0,0,2,1,1,1,0,3,1,2,4
28cd6341-51d3-4549-a808-5ec908e1d9b8,7,2,1,1,1,0,1,0,1,0,84,0,0,1,0,0,1,2,2,1,2
4874bc09-453b-420c-aef7-20386602d2ce,8,3,3,3,4,55,1,3,6,4,2,2,0,1,1,2,1,3,2,2,2
28cd6341-51d3-4549-a808-5ec908e1d9b8,8,2,2,3,1,0,3,2,3,0,69,1,1,3,0,2,0,2,3,1,2
28cd6341-51d3-4549-a808-5ec908e1d9b8,9,3,2,4,2,1,3,2,3,2,54,1,1,3,1,3,1,4,3,3,4
4874bc09-453b-420c-aef7-20386602d2ce,9,2,3,4,5,42,2,2,8,4,1,4,1,1,1,4,1,3,4,3,5
28cd6341-51d3-4549-a808-5ec908e1d9b8,10,2,3,3,1,2,3,4,4,3,40,2,1,4,1,7,3,6,4,2,5
4874bc09-453b-420c-aef7-20386602d2ce,10,1,3,0,0,81,1,2,1,0,0,0,0,3,0,2,1,3,1,1,0
28cd6341-51d3-4549-a808-5ec908e1d9b8,11,0,1,0,0,1,0,1,0,0,88,0,1,0,0,1,1,2,1,2,1
4874bc09-453b-420c-aef7-20386602d2ce,11,3,3,1,2,71,1,3,1,0,0,1,1,6,1,2,0,2,0,2,0
4874bc09-453b-420c-aef7-20386602d2ce,12,4,3,1,4,57,1,3,2,0,1,3,3,7,2,4,0,3,0,2,0
28cd6341-51d3-4549-a808-5ec908e1d9b8,12,0,0,1,1,3,1,3,1,2,67,1,2,0,2,2,2,2,3,4,3
4874bc09-453b-420c-aef7-20386602d2ce,13,5,3,2,5,50,1,5,3,2,1,1,2,9,0,4,1,4,0,2,0
28cd6341-51d3-4549-a808-5ec908e1d9b8,13,3,0,2,2,3,0,4,1,4,55,3,2,2,2,1,1,4,2,5,4
4874bc09-453b-420c-aef7-20386602d2ce,14,1,1,3,1,80,2,1,1,2,0,1,1,1,0,1,0,1,1,1,1
28cd6341-51d3-4549-a808-5ec908e1d9b8,14,1,2,2,2,4,3,5,2,5,47,4,3,3,2,1,1,4,1,3,5
4874bc09-453b-420c-aef7-20386602d2ce,15,1,2,4,2,69,3,2,1,1,0,1,2,1,1,2,0,3,1,2,2
28cd6341-51d3-4549-a808-5ec908e1d9b8,15,1,1,1,1,2,0,1,0,0,77,1,3,3,0,1,5,0,2,1,0
4874bc09-453b-420c-aef7-20386602d2ce,16,2,3,3,3,54,4,4,2,3,0,3,3,2,2,2,1,4,1,2,2
28cd6341-51d3-4549-a808-5ec908e1d9b8,16,0,1,1,2,1,0,2,2,0,65,2,3,5,1,4,4,2,2,1,2
4874bc09-453b-420c-aef7-20386602d2ce,17,2,1,2,1,84,2,0,1,0,0,0,1,0,3,0,0,1,1,0,1
28cd6341-51d3-4549-a808-5ec908e1d9b8,17,1,1,1,2,2,0,2,2,1,49,3,4,5,3,6,3,3,4,6,2
4874bc09-453b-420c-aef7-20386602d2ce,18,3,1,3,1,70,3,0,1,1,0,3,2,1,3,0,2,2,3,0,1
28cd6341-51d3-4549-a808-5ec908e1d9b8,18,3,1,2,0,1,0,2,0,0,76,1,0,3,2,4,0,2,1,2,0
4874bc09-453b-420c-aef7-20386602d2ce,19,3,2,2,1,58,3,0,2,3,2,3,4,0,6,1,2,2,4,2,0
28cd6341-51d3-4549-a808-5ec908e1d9b8,19,4,0,2,0,1,0,2,0,0,64,4,1,5,2,4,1,3,2,1,4
4874bc09-453b-420c-aef7-20386602d2ce,20,3,3,1,1,46,3,0,3,3,2,4,5,0,4,2,2,4,5,6,3
28cd6341-51d3-4549-a808-5ec908e1d9b8,20,4,0,2,0,2,1,3,0,0,58,2,4,4,2,3,1,2,3,4,5
bae8aba6-c024-48d0-86be-95cba645a5f7,0,5,5,5,5,5,5,5,5,5,5,5,5,5,5,5,5,5,5,5,5
82650c73-1ce9-4bb7-b906-405eaba44434,0,5,5,5,5,5,5,5,5,5,5,5,5,5,5,5,5,5,5,5,5
bae8aba6-c024-48d0-86be-95cba645a5f7,1,0,1,0,0,1,1,0,1,1,78,1,1,2,1,3,5,2,0,1,1
82650c73-1ce9-4bb7-b906-405eaba44434,1,2,2,2,2,0,1,0,1,1,80,1,2,1,0,0,2,3,0,0,0
bae8aba6-c024-48d0-86be-95cba645a5f7,2,0,1,1,3,0,2,3,1,1,85,0,0,1,1,0,0,1,0,0,0
82650c73-1ce9-4bb7-b906-405eaba44434,2,2,2,1,3,0,2,1,1,4,66,2,2,1,1,1,4,4,0,2,1
bae8aba6-c024-48d0-86be-95cba645a5f7,3,0,2,1,4,0,2,3,1,2,72,1,1,1,3,2,0,2,1,0,2
82650c73-1ce9-4bb7-b906-405eaba44434,3,3,3,2,2,2,1,4,3,5,52,2,2,1,1,3,5,5,1,2,1
bae8aba6-c024-48d0-86be-95cba645a5f7,4,0,3,2,4,0,4,4,3,2,59,1,3,1,4,3,0,2,2,1,2
82650c73-1ce9-4bb7-b906-405eaba44434,4,2,2,2,3,2,1,3,4,6,45,3,5,2,2,3,5,5,1,3,1
bae8aba6-c024-48d0-86be-95cba645a5f7,5,0,1,0,1,1,1,1,3,0,78,2,0,0,0,4,3,1,0,1,3
82650c73-1ce9-4bb7-b906-405eaba44434,5,2,0,2,0,0,0,3,4,2,81,1,0,0,1,0,0,2,2,0,0
bae8aba6-c024-48d0-86be-95cba645a5f7,6,1,2,1,1,2,3,1,4,3,65,1,0,1,0,5,3,2,1,1,3
82650c73-1ce9-4bb7-b906-405eaba44434,6,1,0,0,1,0,1,1,2,0,87,0,3,1,0,1,1,0,0,0,1
bae8aba6-c024-48d0-86be-95cba645a5f7,7,1,2,2,1,2,4,3,5,4,55,1,0,3,1,6,4,2,1,1,2
82650c73-1ce9-4bb7-b906-405eaba44434,7,2,0,0,3,0,1,1,0,1,79,2,1,1,2,3,1,0,1,0,2
bae8aba6-c024-48d0-86be-95cba645a5f7,8,1,1,1,0,0,1,0,1,0,85,2,0,1,2,0,0,0,1,2,2
82650c73-1ce9-4bb7-b906-405eaba44434,8,3,0,3,2,3,2,4,0,2,61,3,3,1,3,2,2,2,1,1,2
bae8aba6-c024-48d0-86be-95cba645a5f7,9,2,1,2,1,1,1,1,2,1,74,2,0,1,2,2,0,0,1,3,3
bae8aba6-c024-48d0-86be-95cba645a5f7,10,3,0,4,0,2,2,1,2,3,58,4,0,0,5,4,0,0,2,5,5
82650c73-1ce9-4bb7-b906-405eaba44434,9,1,0,3,4,1,4,5,2,4,49,1,4,4,3,2,1,4,4,2,2
bae8aba6-c024-48d0-86be-95cba645a5f7,11,2,1,5,1,2,3,1,3,6,43,4,2,0,4,4,2,2,5,5,5
82650c73-1ce9-4bb7-b906-405eaba44434,10,3,1,2,0,4,0,1,3,0,77,0,1,3,1,1,0,0,0,1,2
82650c73-1ce9-4bb7-b906-405eaba44434,11,3,0,4,2,3,2,2,4,0,65,0,1,4,0,2,2,1,1,0,4
bae8aba6-c024-48d0-86be-95cba645a5f7,12,1,1,2,0,3,2,2,0,0,77,1,2,1,0,2,2,1,1,2,0
82650c73-1ce9-4bb7-b906-405eaba44434,12,3,0,4,3,2,3,2,3,2,54,1,2,3,2,4,2,2,2,2,4
bae8aba6-c024-48d0-86be-95cba645a5f7,13,2,3,1,1,3,4,3,0,2,63,1,2,1,0,2,3,3,2,2,2
bae8aba6-c024-48d0-86be-95cba645a5f7,14,2,4,2,0,3,4,4,1,2,53,2,3,2,0,3,3,4,3,2,3
82650c73-1ce9-4bb7-b906-405eaba44434,13,2,5,5,2,2,2,4,5,2,44,3,1,2,3,5,1,3,2,3,4
bae8aba6-c024-48d0-86be-95cba645a5f7,15,3,5,3,1,1,3,4,1,1,48,5,3,2,2,3,2,5,3,2,3
82650c73-1ce9-4bb7-b906-405eaba44434,14,3,1,0,0,3,1,2,2,0,75,0,1,0,3,1,2,2,1,1,2
82650c73-1ce9-4bb7-b906-405eaba44434,15,3,1,0,1,3,3,2,2,0,66,1,1,0,3,4,3,2,2,1,2
bae8aba6-c024-48d0-86be-95cba645a5f7,16,1,0,3,2,4,1,2,3,2,69,0,3,1,0,1,0,3,1,2,2
82650c73-1ce9-4bb7-b906-405eaba44434,16,4,0,2,3,5,3,5,2,3,51,1,2,0,3,6,2,1,3,3,1
bae8aba6-c024-48d0-86be-95cba645a5f7,17,2,0,4,3,5,2,3,4,1,52,0,6,2,0,1,1,5,2,3,4
82650c73-1ce9-4bb7-b906-405eaba44434,17,0,1,1,0,1,1,0,1,1,83,2,0,2,0,0,2,0,3,1,1
bae8aba6-c024-48d0-86be-95cba645a5f7,18,2,1,3,0,0,1,0,1,1,78,2,1,2,2,0,4,1,1,0,0
82650c73-1ce9-4bb7-b906-405eaba44434,18,0,2,3,1,1,3,0,3,3,65,4,2,1,0,1,2,0,4,3,2
bae8aba6-c024-48d0-86be-95cba645a5f7,19,1,1,4,1,0,2,0,3,1,61,2,3,3,3,2,7,1,4,0,1
82650c73-1ce9-4bb7-b906-405eaba44434,19,2,1,3,1,1,3,1,4,3,55,2,3,1,4,2,3,1,4,4,2
bae8aba6-c024-48d0-86be-95cba645a5f7,20,3,2,3,1,0,3,2,2,2,50,2,6,4,3,3,6,1,7,0,0
82650c73-1ce9-4bb7-b906-405eaba44434,20,3,2,3,2,1,3,3,2,4,44,2,3,1,5,4,2,1,7,4,4
d169b75a-6071-42a4-8c3d-e1664e74c6ec,0,5,5,5,5,5,5,5,5,5,5,5,5,5,5,5,5,5,5,5,5
d169b75a-6071-42a4-8c3d-e1664e74c6ec,1,2,2,0,2,1,0,2,1,0,79,0,1,0,1,2,0,1,1,5,0
d169b75a-6071-42a4-8c3d-e1664e74c6ec,2,5,0,2,2,5,1,3,2,0,61,1,1,0,2,2,3,2,2,6,0
d169b75a-6071-42a4-8c3d-e1664e74c6ec,3,7,2,1,2,5,2,5,2,0,49,1,1,2,1,2,5,2,3,6,2
d169b75a-6071-42a4-8c3d-e1664e74c6ec,4,3,1,0,3,2,1,4,0,2,70,1,0,2,1,1,2,2,1,2,2
d169b75a-6071-42a4-8c3d-e1664e74c6ec,5,2,2,0,4,2,1,3,0,5,57,1,0,2,2,4,5,3,3,1,3
d169b75a-6071-42a4-8c3d-e1664e74c6ec,6,4,3,0,3,4,2,2,3,6,49,2,0,2,2,4,4,4,3,1,2
b2dd6c65-a35a-4a79-af63-9efa2d5d06da,0,5,5,5,5,5,5,5,5,5,5,5,5,5,5,5,5,5,5,5,5
d169b75a-6071-42a4-8c3d-e1664e74c6ec,7,1,0,1,2,1,0,0,0,2,87,0,0,0,1,1,1,1,2,0,0
d169b75a-6071-42a4-8c3d-e1664e74c6ec,8,6,2,1,2,1,0,0,5,2,69,1,1,0,0,3,2,1,2,1,1
b2dd6c65-a35a-4a79-af63-9efa2d5d06da,1,1,1,1,1,1,3,1,2,1,1,2,2,0,2,73,0,2,3,1,2
d169b75a-6071-42a4-8c3d-e1664e74c6ec,9,6,2,1,3,2,1,0,5,3,62,1,1,1,1,3,2,1,4,0,1
8cdd56fa-5990-476b-89f0-2e1a4db401fb,0,5,5,5,5,5,5,5,5,5,5,5,5,5,5,5,5,5,5,5,5
b2dd6c65-a35a-4a79-af63-9efa2d5d06da,2,4,3,0,1,2,0,1,1,0,1,1,3,2,1,76,1,0,2,1,0
d169b75a-6071-42a4-8c3d-e1664e74c6ec,10,5,3,2,0,3,1,0,5,8,47,3,2,1,1,4,4,2,5,1,3
8cdd56fa-5990-476b-89f0-2e1a4db401fb,1,1,0,1,1,0,0,0,1,0,0,0,3,3,1,81,2,2,2,1,1
b2dd6c65-a35a-4a79-af63-9efa2d5d06da,3,5,3,1,1,1,0,1,2,1,0,1,4,2,2,65,3,2,2,1,3
d169b75a-6071-42a4-8c3d-e1664e74c6ec,11,1,0,0,0,0,1,0,2,0,84,1,2,1,2,1,2,1,0,0,2
8cdd56fa-5990-476b-89f0-2e1a4db401fb,2,1,0,3,4,1,0,4,2,0,1,2,4,2,2,60,5,2,3,1,3
b2dd6c65-a35a-4a79-af63-9efa2d5d06da,4,4,5,1,1,3,0,2,3,1,3,1,5,2,2,57,2,1,2,1,4
d169b75a-6071-42a4-8c3d-e1664e74c6ec,12,1,6,1,0,0,3,1,1,2,65,1,5,1,2,1,4,3,0,1,2
8cdd56fa-5990-476b-89f0-2e1a4db401fb,3,1,2,2,3,1,2,4,2,1,5,2,4,3,3,47,7,2,3,3,3
b2dd6c65-a35a-4a79-af63-9efa2d5d06da,5,6,6,1,2,3,3,1,4,1,2,1,5,2,3,47,1,3,2,2,5
d169b75a-6071-42a4-8c3d-e1664e74c6ec,13,1,6,0,1,1,3,2,1,2,56,1,8,1,2,2,5,3,1,1,3
8cdd56fa-5990-476b-89f0-2e1a4db401fb,4,3,0,1,0,1,0,1,0,0,0,1,1,0,0,88,2,0,2,0,0
40802ab4-12a5-40d9-9f59-73a861abe125,0,5,5,5,5,5,5,5,5,5,5,5,5,5,5,5,5,5,5,5,5
d169b75a-6071-42a4-8c3d-e1664e74c6ec,14,1,7,2,0,2,4,4,2,2,42,2,7,3,3,2,5,3,3,2,4
b2dd6c65-a35a-4a79-af63-9efa2d5d06da,6,1,3,1,2,1,0,2,1,1,1,0,1,2,4,76,1,0,1,2,0
8cdd56fa-5990-476b-89f0-2e1a4db401fb,5,1,0,1,2,0,0,0,1,2,2,0,0,2,2,79,0,3,3,2,0
f89178b4-3053-473f-96e4-d349ef48a9ba,0,5,5,5,5,5,5,5,5,5,5,5,5,5,5,5,5,5,5,5,5
40802ab4-12a5-40d9-9f59-73a861abe125,1,0,0,0,1,4,0,0,0,3,1,0,2,1,1,82,0,2,1,0,2
d169b75a-6071-42a4-8c3d-e1664e74c6ec,15,2,0,1,1,2,0,5,0,1,80,0,0,2,1,2,0,0,0,2,1
8cdd56fa-5990-476b-89f0-2e1a4db401fb,6,2,0,2,2,0,1,0,2,4,2,0,1,3,1,70,1,4,4,0,1
b2dd6c65-a35a-4a79-af63-9efa2d5d06da,7,1,6,1,2,3,1,4,1,0,2,1,2,1,3,62,3,2,2,3,0
f89178b4-3053-473f-96e4-d349ef48a9ba,1,0,1,1,3,5,2,0,0,0,1,0,0,0,3,79,2,0,1,1,1
28affded-96b7-4a4c-9ca8-41b83a60ea58,0,5,5,5,5,5,5,5,5,5,5,5,5,5,5,5,5,5,5,5,5
40802ab4-12a5-40d9-9f59-73a861abe125,2,1,0,1,0,4,0,2,3,3,1,2,3,1,0,69,2,4,0,1,3
d169b75a-6071-42a4-8c3d-e1664e74c6ec,16,4,1,2,3,2,0,5,1,1,67,2,0,1,2,3,2,1,1,1,1
8cdd56fa-5990-476b-89f0-2e1a4db401fb,7,3,0,3,3,2,2,2,4,4,2,1,1,2,1,58,2,3,6,1,0
b2dd6c65-a35a-4a79-af63-9efa2d5d06da,8,2,7,1,3,6,1,6,2,0,2,3,2,1,4,46,3,3,2,4,2
28affded-96b7-4a4c-9ca8-41b83a60ea58,1,1,2,2,2,1,0,0,1,0,1,0,0,0,0,83,2,3,0,2,0
f89178b4-3053-473f-96e4-d349ef48a9ba,2,0,1,0,3,3,2,1,1,2,2,1,1,0,6,67,4,2,0,1,3
40802ab4-12a5-40d9-9f59-73a861abe125,3,4,1,1,2,0,1,1,2,1,1,1,0,0,2,77,2,3,0,0,1
8cdd56fa-5990-476b-89f0-2e1a4db401fb,8,5,2,4,3,0,2,2,6,4,2,2,3,4,2,45,0,4,7,2,1
d169b75a-6071-42a4-8c3d-e1664e74c6ec,17,4,4,2,4,3,5,3,2,6,49,2,2,4,0,4,1,1,2,1,1
28affded-96b7-4a4c-9ca8-41b83a60ea58,2,0,2,1,1,0,1,1,2,1,1,1,0,1,0,84,1,1,2,0,0
b2dd6c65-a35a-4a79-af63-9efa2d5d06da,9,1,0,2,1,1,0,1,1,1,3,2,3,1,0,77,1,0,1,1,3
d169b75a-6071-42a4-8c3d-e1664e74c6ec,18,0,1,0,0,0,1,1,1,2,88,0,2,0,0,0,0,2,0,1,1
8cdd56fa-5990-476b-89f0-2e1a4db401fb,9,3,1,0,0,2,0,0,2,1,1,1,0,0,1,84,2,1,0,0,1
f89178b4-3053-473f-96e4-d349ef48a9ba,3,2,3,1,4,5,6,1,1,1,2,1,2,1,5,51,6,5,0,1,2
40802ab4-12a5-40d9-9f59-73a861abe125,4,4,1,3,2,3,2,1,3,2,5,1,3,1,3,59,2,4,0,0,1
b2dd6c65-a35a-4a79-af63-9efa2d5d06da,10,0,0,1,2,0,0,0,1,2,1,0,0,1,2,87,1,1,1,0,0
28affded-96b7-4a4c-9ca8-41b83a60ea58,3,1,4,0,5,0,0,2,2,3,3,1,1,1,1,64,2,5,4,1,0
d169b75a-6071-42a4-8c3d-e1664e74c6ec,19,0,1,1,1,0,5,2,0,2,70,1,4,1,1,0,2,3,3,1,2
8cdd56fa-5990-476b-89f0-2e1a4db401fb,10,5,4,1,1,2,1,2,4,1,2,2,0,1,1,69,2,0,0,1,1
40802ab4-12a5-40d9-9f59-73a861abe125,5,4,1,2,4,3,3,1,3,5,7,1,3,1,1,46,3,7,1,1,3
f89178b4-3053-473f-96e4-d349ef48a9ba,4,1,0,0,2,0,1,3,1,1,2,1,0,0,1,84,0,1,1,0,1
b2dd6c65-a35a-4a79-af63-9efa2d5d06da,11,1,2,0,4,0,2,0,3,3,2,1,0,1,2,72,2,1,2,0,2
8cdd56fa-5990-476b-89f0-2e1a4db401fb,11,3,4,1,1,2,3,4,5,4,3,2,1,0,3,54,3,0,0,5,2
28affded-96b7-4a4c-9ca8-41b83a60ea58,4,1,0,2,3,2,1,1,1,2,1,1,1,2,1,76,1,0,4,0,0
d169b75a-6071-42a4-8c3d-e1664e74c6ec,20,0,1,1,0,2,5,3,1,3,60,1,6,1,1,0,2,4,2,5,2
40802ab4-12a5-40d9-9f59-73a861abe125,6,0,1,0,2,2,2,0,0,0,1,1,0,3,0,79,2,2,1,1,3
f89178b4-3053-473f-96e4-d349ef48a9ba,5,3,0,1,3,1,2,3,2,3,2,1,4,0,2,63,0,2,4,3,1
b2dd6c65-a35a-4a79-af63-9efa2d5d06da,12,3,3,1,5,0,3,1,2,2,2,4,1,2,2,58,3,3,4,0,1
40802ab4-12a5-40d9-9f59-73a861abe125,7,1,2,0,2,1,2,1,0,2,1,3,0,7,2,69,1,2,0,1,3
8cdd56fa-5990-476b-89f0-2e1a4db401fb,12,2,3,0,5,3,5,3,5,2,3,3,1,2,3,47,1,2,0,6,4
28affded-96b7-4a4c-9ca8-41b83a60ea58,5,4,0,0,4,4,3,4,2,5,2,2,2,1,3,57,2,1,2,0,2
f89178b4-3053-473f-96e4-d349ef48a9ba,6,4,0,2,4,1,0,3,2,5,3,2,4,0,2,56,2,2,4,2,2
b2dd6c65-a35a-4a79-af63-9efa2d5d06da,13,1,1,1,9,0,5,3,1,4,3,4,2,2,2,45,3,5,5,2,2
8cdd56fa-5990-476b-89f0-2e1a4db401fb,13,0,1,2,0,0,0,0,0,3,1,2,1,2,2,79,1,3,0,1,2
40802ab4-12a5-40d9-9f59-73a861abe125,8,3,3,1,2,1,3,1,0,2,1,4,2,4,3,56,3,3,1,1,6
28affded-96b7-4a4c-9ca8-41b83a60ea58,6,2,1,1,3,8,2,5,3,8,3,5,3,0,3,41,3,2,5,0,2
f89178b4-3053-473f-96e4-d349ef48a9ba,7,2,0,2,3,2,3,4,2,5,4,2,3,4,1,48,4,2,4,3,2
b2dd6c65-a35a-4a79-af63-9efa2d5d06da,14,4,2,0,0,1,0,1,1,0,0,0,2,2,2,84,0,0,0,1,0
8cdd56fa-5990-476b-89f0-2e1a4db401fb,14,1,3,3,1,1,2,1,1,3,3,3,2,1,2,61,1,5,1,0,5
40802ab4-12a5-40d9-9f59-73a861abe125,9,4,5,3,2,1,4,3,1,3,2,5,1,3,3,44,3,4,3,1,5
28affded-96b7-4a4c-9ca8-41b83a60ea58,7,2,2,3,3,0,1,2,0,0,1,1,1,2,0,77,0,0,2,0,3
f89178b4-3053-473f-96e4-d349ef48a9ba,8,1,0,1,2,0,0,1,2,1,0,0,0,0,2,87,1,1,0,0,1
b2dd6c65-a35a-4a79-af63-9efa2d5d06da,15,4,1,2,1,2,1,3,2,0,2,2,3,3,4,66,0,2,0,2,0
40802ab4-12a5-40d9-9f59-73a861abe125,10,1,1,0,1,3,0,0,0,1,2,2,1,1,0,81,0,3,0,1,2
8cdd56fa-5990-476b-89f0-2e1a4db401fb,15,4,3,4,1,1,1,2,1,4,4,5,2,3,2,46,3,3,3,1,7
f89178b4-3053-473f-96e4-d349ef48a9ba,9,1,1,1,2,0,0,3,4,1,1,0,0,3,2,72,1,5,1,1,1
28affded-96b7-4a4c-9ca8-41b83a60ea58,8,2,3,4,2,1,1,3,1,0,1,5,2,4,0,62,2,1,2,1,3
b2dd6c65-a35a-4a79-af63-9efa2d5d06da,16,5,2,1,2,3,1,6,3,0,1,1,4,5,3,55,1,2,3,1,1
8cdd56fa-5990-476b-89f0-2e1a4db401fb,16,1,1,0,1,0,1,2,3,0,0,1,2,1,1,82,3,1,0,0,0
40802ab4-12a5-40d9-9f59-73a861abe125,11,0,2,0,2,5,1,2,0,1,3,4,3,1,1,66,2,1,0,2,4
28affded-96b7-4a4c-9ca8-41b83a60ea58,9,2,3,6,3,1,3,5,4,1,1,4,2,5,0,48,3,2,1,3,3
f89178b4-3053-473f-96e4-d349ef48a9ba,10,3,0,3,2,0,1,4,3,2,1,0,0,3,2,59,3,6,2,1,5
8cdd56fa-5990-476b-89f0-2e1a4db401fb,17,5,2,0,2,2,2,2,3,0,1,1,3,5,1,63,5,1,0,0,2
b2dd6c65-a35a-4a79-af63-9efa2d5d06da,17,3,3,3,3,3,1,7,3,1,3,1,2,5,6,44,2,4,4,0,2
40802ab4-12a5-40d9-9f59-73a861abe125,12,1,4,1,3,4,4,2,1,1,4,3,2,1,4,54,3,0,2,2,4
28affded-96b7-4a4c-9ca8-41b83a60ea58,10,1,3,1,0,0,1,1,0,2,2,1,3,1,1,78,0,1,1,3,0
f89178b4-3053-473f-96e4-d349ef48a9ba,11,3,1,3,2,1,1,3,5,3,1,2,1,4,3,51,3,4,2,2,5
8cdd56fa-5990-476b-89f0-2e1a4db401fb,18,4,3,1,2,2,4,3,3,0,3,1,3,4,2,54,5,2,0,1,3
40802ab4-12a5-40d9-9f59-73a861abe125,13,2,4,2,3,5,5,2,2,2,6,4,1,1,4,46,3,0,2,2,4
b2dd6c65-a35a-4a79-af63-9efa2d5d06da,18,2,1,1,0,0,1,1,4,0,1,1,1,1,2,81,1,1,0,0,1
28affded-96b7-4a4c-9ca8-41b83a60ea58,11,1,6,2,2,2,1,2,0,1,4,1,5,2,1,61,0,3,1,3,2
f89178b4-3053-473f-96e4-d349ef48a9ba,12,2,2,1,0,0,0,0,1,2,2,0,2,0,1,83,1,1,1,0,1
8cdd56fa-5990-476b-89f0-2e1a4db401fb,19,5,3,3,2,2,4,3,2,2,2,2,2,6,2,47,5,2,0,3,3
40802ab4-12a5-40d9-9f59-73a861abe125,14,0,0,0,2,3,1,2,1,2,0,1,0,0,1,81,1,0,2,3,0
28affded-96b7-4a4c-9ca8-41b83a60ea58,12,0,6,3,2,3,2,2,1,2,4,0,5,2,1,50,1,5,3,6,2
f89178b4-3053-473f-96e4-d349ef48a9ba,13,2,2,3,0,0,1,1,2,3,2,3,2,0,0,69,0,6,2,0,2
8cdd56fa-5990-476b-89f0-2e1a4db401fb,20,0,1,0,1,3,1,4,0,2,2,3,0,1,0,78,1,2,0,0,1
b2dd6c65-a35a-4a79-af63-9efa2d5d06da,19,2,0,3,2,1,3,1,3,1,1,1,3,3,2,64,4,0,2,3,1
40802ab4-12a5-40d9-9f59-73a861abe125,15,2,1,3,3,2,1,3,4,2,2,2,0,0,1,66,1,2,1,3,1
28affded-96b7-4a4c-9ca8-41b83a60ea58,13,2,0,0,1,0,2,1,0,1,2,1,1,1,1,83,0,1,3,0,0
f89178b4-3053-473f-96e4-d349ef48a9ba,14,3,1,2,4,1,2,3,3,4,2,5,2,0,0,56,1,6,2,0,3
40802ab4-12a5-40d9-9f59-73a861abe125,16,3,3,3,5,3,2,1,3,2,4,5,0,0,2,59,0,1,0,3,1
b2dd6c65-a35a-4a79-af63-9efa2d5d06da,20,2,1,2,2,4,5,2,4,1,5,2,4,4,1,50,4,1,1,2,3
28affded-96b7-4a4c-9ca8-41b83a60ea58,14,4,0,2,1,3,2,4,0,0,2,1,3,3,3,62,1,2,4,0,3
f89178b4-3053-473f-96e4-d349ef48a9ba,15,3,2,3,2,1,3,1,3,6,2,5,3,1,2,49,3,6,1,1,3
40802ab4-12a5-40d9-9f59-73a861abe125,17,2,3,4,4,4,4,2,2,2,4,4,1,2,3,50,1,1,1,6,0
28affded-96b7-4a4c-9ca8-41b83a60ea58,15,6,2,4,2,3,2,4,0,1,2,3,2,5,2,49,3,3,5,0,2
40802ab4-12a5-40d9-9f59-73a861abe125,18,2,1,0,0,0,2,1,2,3,1,1,0,1,2,80,0,1,2,0,1
f89178b4-3053-473f-96e4-d349ef48a9ba,16,0,1,0,0,1,0,0,1,1,2,4,1,1,1,78,1,4,0,1,3
28affded-96b7-4a4c-9ca8-41b83a60ea58,16,2,0,2,0,0,2,1,3,1,1,0,1,1,0,83,1,1,0,0,1
28affded-96b7-4a4c-9ca8-41b83a60ea58,17,1,1,3,0,0,4,4,2,2,1,0,3,2,0,69,0,2,0,3,3
40802ab4-12a5-40d9-9f59-73a861abe125,19,2,2,1,2,2,4,4,2,3,3,1,1,0,2,64,1,1,2,0,3
f89178b4-3053-473f-96e4-d349ef48a9ba,17,0,2,0,0,5,1,1,2,3,3,3,4,0,2,60,3,2,2,1,6
40802ab4-12a5-40d9-9f59-73a861abe125,20,3,1,2,1,3,4,5,3,3,3,1,2,3,3,54,1,1,2,2,3
28affded-96b7-4a4c-9ca8-41b83a60ea58,18,3,1,6,1,0,5,3,3,2,3,1,4,2,0,56,0,2,1,3,4
f89178b4-3053-473f-96e4-d349ef48a9ba,18,0,2,1,1,4,2,3,2,5,3,4,6,1,1,49,3,1,2,2,8
28affded-96b7-4a4c-9ca8-41b83a60ea58,19,2,2,6,1,1,5,4,4,2,2,1,5,3,3,49,0,1,2,3,4
f89178b4-3053-473f-96e4-d349ef48a9ba,19,1,0,1,2,1,3,1,2,0,1,1,2,0,0,85,0,0,0,0,0
28affded-96b7-4a4c-9ca8-41b83a60ea58,20,0,2,0,1,0,0,2,1,1,0,0,0,3,0,84,2,1,3,0,0
f89178b4-3053-473f-96e4-d349ef48a9ba,20,5,0,1,2,0,3,1,5,0,1,1,5,1,0,66,3,2,2,2,0
d2cd27c6-94bc-4b65-8f8a-cafee56ca478,0,5,5,5,5,5,5,5,5,5,5,5,5,5,5,5,5,5,5,5,5
d2cd27c6-94bc-4b65-8f8a-cafee56ca478,1,1,1,1,1,2,0,0,2,2,1,0,0,1,1,84,2,0,0,1,0
d2cd27c6-94bc-4b65-8f8a-cafee56ca478,2,1,0,1,1,1,1,1,1,1,3,2,0,1,0,84,0,0,1,0,1
d2cd27c6-94bc-4b65-8f8a-cafee56ca478,3,2,1,1,2,1,1,2,2,2,3,3,0,1,2,69,1,1,2,2,2
0ac29cab-7385-4d08-8e27-99dc385e0cf0,0,5,5,5,5,5,5,5,5,5,5,5,5,5,5,5,5,5,5,5,5
d2cd27c6-94bc-4b65-8f8a-cafee56ca478,4,2,3,1,3,1,1,6,2,6,3,3,1,1,0,57,2,1,1,4,2
0ac29cab-7385-4d08-8e27-99dc385e0cf0,1,0,1,0,0,2,3,1,1,0,1,2,1,2,0,79,2,1,1,2,1
d2cd27c6-94bc-4b65-8f8a-cafee56ca478,5,0,4,1,1,0,2,2,2,1,1,0,1,0,2,78,2,2,1,0,0
0ac29cab-7385-4d08-8e27-99dc385e0cf0,2,1,2,2,0,3,3,1,2,0,0,3,3,5,0,59,4,3,3,3,3
0ac29cab-7385-4d08-8e27-99dc385e0cf0,3,1,6,2,1,3,3,1,3,0,1,4,3,6,0,48,5,4,3,4,2
d2cd27c6-94bc-4b65-8f8a-cafee56ca478,6,3,4,1,4,1,2,3,2,3,1,1,2,2,0,62,2,2,1,0,4
e0fe1b91-f8e8-4464-a78b-5d10e2b2fa78,0,5,5,5,5,5,5,5,5,5,5,5,5,5,5,5,5,5,5,5,5
0ac29cab-7385-4d08-8e27-99dc385e0cf0,4,0,2,1,1,0,0,0,1,2,0,1,1,1,0,85,2,1,1,0,1
e0fe1b91-f8e8-4464-a78b-5d10e2b2fa78,1,2,1,1,1,0,0,0,0,2,83,2,0,0,0,2,2,1,3,0,0
d2cd27c6-94bc-4b65-8f8a-cafee56ca478,7,2,2,1,1,1,3,2,0,1,2,1,1,0,2,78,1,0,0,2,0
0ac29cab-7385-4d08-8e27-99dc385e0cf0,5,0,1,1,0,0,3,1,0,1,2,1,1,0,1,84,1,1,1,1,0
e0fe1b91-f8e8-4464-a78b-5d10e2b2fa78,2,1,0,0,2,0,1,2,2,2,83,2,0,0,1,0,1,2,0,0,1
d2cd27c6-94bc-4b65-8f8a-cafee56ca478,8,3,4,1,1,0,4,4,2,2,4,2,1,1,1,64,0,1,1,2,2
0ac29cab-7385-4d08-8e27-99dc385e0cf0,6,0,1,1,1,1,2,1,2,3,2,1,2,1,1,72,4,1,2,1,1
e0fe1b91-f8e8-4464-a78b-5d10e2b2fa78,3,0,0,3,4,0,2,3,3,3,68,3,1,2,1,1,1,3,0,0,2
0ac29cab-7385-4d08-8e27-99dc385e0cf0,7,2,0,0,1,1,1,0,1,0,0,1,2,1,1,84,0,0,2,3,0
e0fe1b91-f8e8-4464-a78b-5d10e2b2fa78,4,0,0,3,6,3,2,5,6,4,49,4,1,4,3,1,1,1,1,1,5
0ac29cab-7385-4d08-8e27-99dc385e0cf0,8,4,3,2,2,1,1,1,1,0,0,2,2,0,1,77,0,0,3,0,0
e0fe1b91-f8e8-4464-a78b-5d10e2b2fa78,5,2,1,2,1,1,1,2,0,1,83,1,1,1,0,0,1,1,1,0,0
0ac29cab-7385-4d08-8e27-99dc385e0cf0,9,3,4,2,3,3,2,1,4,0,1,3,2,2,2,60,0,1,5,1,1
e0fe1b91-f8e8-4464-a78b-5d10e2b2fa78,6,3,1,2,4,2,2,1,0,3,68,1,1,1,0,1,6,3,0,1,0
d2cd27c6-94bc-4b65-8f8a-cafee56ca478,9,2,2,4,0,1,2,2,0,0,0,1,0,1,1,79,2,1,1,1,0
0ac29cab-7385-4d08-8e27-99dc385e0cf0,10,3,3,3,3,6,2,0,3,0,2,4,1,2,4,54,1,2,4,2,1
e0fe1b91-f8e8-4464-a78b-5d10e2b2fa78,7,5,2,3,6,2,4,3,0,4,49,1,1,1,2,2,7,4,1,1,2
0ac29cab-7385-4d08-8e27-99dc385e0cf0,11,3,2,3,5,5,3,2,3,1,3,4,1,3,4,47,2,2,2,3,2
e0fe1b91-f8e8-4464-a78b-5d10e2b2fa78,8,3,1,0,1,2,4,0,2,1,78,0,0,0,0,0,2,1,2,1,2
0ac29cab-7385-4d08-8e27-99dc385e0cf0,12,2,2,0,2,1,2,1,0,2,5,2,0,0,1,73,1,0,0,4,2
e0fe1b91-f8e8-4464-a78b-5d10e2b2fa78,9,3,3,0,0,1,4,2,3,0,65,1,2,1,2,1,1,2,2,3,4
d2cd27c6-94bc-4b65-8f8a-cafee56ca478,10,1,1,1,0,2,4,2,0,1,0,1,1,1,0,79,1,0,0,2,3
e0fe1b91-f8e8-4464-a78b-5d10e2b2fa78,10,3,3,2,0,2,4,3,4,0,57,1,3,2,2,1,1,2,2,2,6
0ac29cab-7385-4d08-8e27-99dc385e0cf0,13,2,3,1,3,0,4,2,2,2,6,3,1,0,5,55,2,0,1,4,4
e0fe1b91-f8e8-4464-a78b-5d10e2b2fa78,11,4,4,3,0,2,3,3,2,0,50,2,4,2,6,1,0,3,4,3,4
0ac29cab-7385-4d08-8e27-99dc385e0cf0,14,3,1,1,5,1,5,5,3,3,3,3,0,0,5,47,2,0,2,6,5
d2cd27c6-94bc-4b65-8f8a-cafee56ca478,11,1,4,2,0,2,2,2,3,2,3,2,0,2,1,63,2,1,1,4,3
e0fe1b91-f8e8-4464-a78b-5d10e2b2fa78,12,1,2,1,2,1,2,1,3,1,78,1,0,1,0,2,1,1,0,1,1
0ac29cab-7385-4d08-8e27-99dc385e0cf0,15,0,1,0,1,0,1,1,0,2,1,1,1,0,0,86,0,0,0,4,1
d2cd27c6-94bc-4b65-8f8a-cafee56ca478,12,1,3,2,0,3,2,3,5,2,3,4,2,1,1,52,2,5,2,5,2
e0fe1b91-f8e8-4464-a78b-5d10e2b2fa78,13,2,2,2,4,3,4,0,4,3,59,0,0,3,1,2,1,1,1,2,6
0ac29cab-7385-4d08-8e27-99dc385e0cf0,16,0,2,0,1,0,2,1,4,2,2,3,0,2,1,66,2,3,1,5,3
e0fe1b91-f8e8-4464-a78b-5d10e2b2fa78,14,1,2,3,4,5,4,0,6,1,48,1,1,5,1,3,0,4,2,4,5
0ac29cab-7385-4d08-8e27-99dc385e0cf0,17,0,2,1,1,0,3,2,5,3,3,5,0,6,3,51,3,4,2,3,3
e0fe1b91-f8e8-4464-a78b-5d10e2b2fa78,15,1,4,0,2,1,2,3,1,1,81,1,1,0,0,1,1,0,0,0,0
0ac29cab-7385-4d08-8e27-99dc385e0cf0,18,1,1,2,1,0,3,1,0,1,1,1,1,0,0,82,2,1,1,1,0
e0fe1b91-f8e8-4464-a78b-5d10e2b2fa78,16,1,0,1,0,0,1,0,0,1,91,1,1,0,0,0,1,0,2,0,0
0ac29cab-7385-4d08-8e27-99dc385e0cf0,19,0,1,4,1,1,3,1,1,2,2,2,2,2,1,66,3,1,1,3,3
e0fe1b91-f8e8-4464-a78b-5d10e2b2fa78,17,0,1,1,1,2,1,1,1,1,81,2,2,1,0,0,2,1,1,0,1
0ac29cab-7385-4d08-8e27-99dc385e0cf0,20,2,2,4,1,2,3,3,2,2,5,2,2,1,1,54,4,3,3,1,3
e0fe1b91-f8e8-4464-a78b-5d10e2b2fa78,18,1,1,3,2,2,2,2,4,1,59,5,3,2,0,0,3,4,2,0,4
e0fe1b91-f8e8-4464-a78b-5d10e2b2fa78,19,2,1,5,2,3,3,3,4,3,47,4,2,5,0,1,3,4,3,0,5
d2cd27c6-94bc-4b65-8f8a-cafee56ca478,13,2,1,1,0,0,1,1,1,1,2,0,0,2,0,80,1,4,1,2,0
e0fe1b91-f8e8-4464-a78b-5d10e2b2fa78,20,0,2,1,1,0,3,1,2,0,82,1,1,1,0,0,1,1,1,0,2
d2cd27c6-94bc-4b65-8f8a-cafee56ca478,14,0,0,0,0,1,1,0,1,0,0,0,1,0,2,86,2,2,2,2,0
d2cd27c6-94bc-4b65-8f8a-cafee56ca478,15,0,0,0,2,3,2,1,3,1,2,1,1,1,1,72,1,3,2,3,1
d2cd27c6-94bc-4b65-8f8a-cafee56ca478,16,0,1,0,4,3,2,3,4,1,3,0,1,3,2,60,3,3,4,2,1
d2cd27c6-94bc-4b65-8f8a-cafee56ca478,17,2,2,0,5,2,1,6,4,1,4,1,1,5,4,45,5,3,5,3,1
d2cd27c6-94bc-4b65-8f8a-cafee56ca478,18,2,1,2,0,1,0,3,2,2,2,0,0,0,0,79,1,1,0,2,2
d2cd27c6-94bc-4b65-8f8a-cafee56ca478,19,3,2,2,1,1,1,5,1,3,2,1,2,0,2,67,2,3,0,2,0
d2cd27c6-94bc-4b65-8f8a-cafee56ca478,20,3,5,1,1,1,2,4,2,4,3,0,2,1,3,55,3,3,2,3,2
9650eb74-996c-4a36-8172-e59c5bb0779b,0,5,5,5,5,5,5,5,5,5,5,5,5,5,5,5,5,5,5,5,5
9650eb74-996c-4a36-8172-e59c5bb0779b,1,1,1,2,0,86,1,1,1,0,1,0,1,0,1,0,1,0,1,1,1
9650eb74-996c-4a36-8172-e59c5bb0779b,2,0,1,2,1,81,0,0,2,0,0,1,2,1,0,1,2,2,0,1,3
9650eb74-996c-4a36-8172-e59c5bb0779b,3,0,2,2,2,65,0,2,4,0,0,1,3,3,1,4,3,1,1,2,4
9650eb74-996c-4a36-8172-e59c5bb0779b,4,0,4,3,1,52,0,1,3,2,2,1,3,4,1,4,8,1,1,4,5
9650eb74-996c-4a36-8172-e59c5bb0779b,5,0,4,6,1,45,1,2,3,2,2,1,2,5,2,4,9,1,1,3,6
9650eb74-996c-4a36-8172-e59c5bb0779b,6,1,1,2,0,78,0,1,1,1,2,1,3,1,0,1,1,2,0,2,2
9650eb74-996c-4a36-8172-e59c5bb0779b,7,2,4,3,0,62,1,1,1,2,6,1,3,0,2,1,2,2,1,2,4
9650eb74-996c-4a36-8172-e59c5bb0779b,8,3,6,2,6,49,2,1,0,3,7,1,4,1,2,2,2,3,2,1,3
9650eb74-996c-4a36-8172-e59c5bb0779b,9,0,2,1,0,80,1,2,2,0,1,0,2,0,0,1,2,1,2,1,2
9650eb74-996c-4a36-8172-e59c5bb0779b,10,0,4,1,1,61,0,0,4,2,1,1,3,4,0,4,2,4,2,4,2
9650eb74-996c-4a36-8172-e59c5bb0779b,11,1,5,2,2,43,1,3,6,2,1,3,5,5,2,4,2,4,2,5,2
9650eb74-996c-4a36-8172-e59c5bb0779b,12,0,1,2,1,80,0,0,1,0,1,0,3,0,3,1,1,1,1,2,2
9650eb74-996c-4a36-8172-e59c5bb0779b,13,1,1,3,3,65,1,0,2,1,2,1,3,1,4,2,1,2,2,2,3
9650eb74-996c-4a36-8172-e59c5bb0779b,14,4,3,3,4,52,3,0,3,2,2,2,2,3,4,2,1,2,3,2,3
9650eb74-996c-4a36-8172-e59c5bb0779b,15,3,4,3,3,44,5,0,5,3,3,2,2,3,4,3,2,3,3,3,2
9650eb74-996c-4a36-8172-e59c5bb0779b,16,1,1,1,0,79,0,3,1,2,0,2,1,1,0,0,1,3,2,1,1
9650eb74-996c-4a36-8172-e59c5bb0779b,17,1,2,3,0,61,2,5,3,2,2,3,6,0,0,1,1,4,2,2,0
9650eb74-996c-4a36-8172-e59c5bb0779b,18,3,2,2,0,47,1,6,4,4,4,4,7,1,3,1,2,3,3,2,1
9650eb74-996c-4a36-8172-e59c5bb0779b,19,0,0,1,1,82,2,0,1,4,1,0,0,0,1,4,0,2,1,0,0
9650eb74-996c-4a36-8172-e59c5bb0779b,20,0,1,1,1,62,2,1,3,6,3,0,0,0,2,6,1,4,3,2,2
22812272-5574-4538-bb38-a65848bed1fd,0,5,5,5,5,5,5,5,5,5,5,5,5,5,5,5,5,5,5,5,5
22812272-5574-4538-bb38-a65848bed1fd,1,0,0,1,0,1,0,0,1,0,0,1,0,1,1,90,2,1,1,0,0
22812272-5574-4538-bb38-a65848bed1fd,2,0,1,3,0,2,1,1,2,2,0,2,2,3,3,73,1,2,1,1,0
22812272-5574-4538-bb38-a65848bed1fd,3,3,2,4,1,6,3,1,1,1,1,6,2,2,4,55,1,2,2,3,0
22812272-5574-4538-bb38-a65848bed1fd,4,1,2,6,2,7,3,1,1,2,1,6,2,2,5,47,3,2,2,4,1
22812272-5574-4538-bb38-a65848bed1fd,5,0,1,0,0,0,2,3,1,1,1,1,1,3,2,78,0,0,4,1,1
22812272-5574-4538-bb38-a65848bed1fd,6,0,3,1,1,2,4,4,1,1,2,1,1,3,1,66,0,1,3,3,2
22812272-5574-4538-bb38-a65848bed1fd,7,0,2,3,4,3,6,4,2,1,2,2,3,2,1,52,1,1,5,3,3
22812272-5574-4538-bb38-a65848bed1fd,8,1,1,3,1,0,0,1,2,3,0,1,1,0,0,78,2,3,1,2,0
22812272-5574-4538-bb38-a65848bed1fd,9,1,2,2,1,0,1,1,2,2,1,2,2,1,1,69,1,5,1,3,2
22812272-5574-4538-bb38-a65848bed1fd,10,2,2,1,2,1,2,1,3,3,4,2,2,3,3,53,2,3,2,5,4
22812272-5574-4538-bb38-a65848bed1fd,11,1,3,1,3,1,1,1,4,4,4,3,0,4,3,47,4,3,3,6,4
22812272-5574-4538-bb38-a65848bed1fd,12,1,0,0,0,2,1,1,2,1,2,0,3,0,1,83,0,0,1,1,1
22812272-5574-4538-bb38-a65848bed1fd,13,2,0,0,0,2,2,0,3,2,6,1,2,1,2,70,1,1,3,1,1
22812272-5574-4538-bb38-a65848bed1fd,14,5,0,1,1,3,2,2,2,2,6,5,2,3,3,53,1,1,5,1,2
22812272-5574-4538-bb38-a65848bed1fd,15,5,1,1,1,3,2,2,4,3,6,6,3,3,4,43,0,1,6,3,3
22812272-5574-4538-bb38-a65848bed1fd,16,0,1,0,0,2,0,0,3,2,0,0,2,2,0,80,0,1,1,4,2
22812272-5574-4538-bb38-a65848bed1fd,17,0,0,2,0,3,1,0,4,5,1,1,2,4,0,68,0,0,2,4,3
22812272-5574-4538-bb38-a65848bed1fd,18,0,2,3,2,7,1,0,3,7,2,2,1,2,1,54,0,1,4,5,3
22812272-5574-4538-bb38-a65848bed1fd,19,2,4,4,2,7,1,1,5,8,2,3,2,1,1,43,4,0,1,5,4
22812272-5574-4538-bb38-a65848bed1fd,20,1,0,1,0,1,1,0,0,1,1,3,3,0,3,81,0,0,2,1,1
6df665c6-c030-4f48-b40e-30b6a8cb041b,0,5,5,5,5,5,5,5,5,5,5,5,5,5,5,5,5,5,5,5,5
6df665c6-c030-4f48-b40e-30b6a8cb041b,1,1,2,1,1,3,2,0,0,1,1,0,1,1,3,77,0,0,4,2,0
6df665c6-c030-4f48-b40e-30b6a8cb041b,2,1,3,1,1,7,3,0,0,2,1,0,2,0,3,71,0,0,2,3,0
6df665c6-c030-4f48-b40e-30b6a8cb041b,3,3,1,4,2,1,2,1,2,0,1,0,2,0,1,73,2,0,2,2,1
6df665c6-c030-4f48-b40e-30b6a8cb041b,4,2,1,4,2,1,4,1,3,0,2,0,4,3,1,63,1,4,2,0,2
6df665c6-c030-4f48-b40e-30b6a8cb041b,5,5,1,7,2,3,2,3,2,0,5,0,5,4,3,41,3,4,4,1,5
6df665c6-c030-4f48-b40e-30b6a8cb041b,6,3,2,0,0,0,2,1,0,0,1,0,1,1,1,82,1,1,1,0,3
6df665c6-c030-4f48-b40e-30b6a8cb041b,7,3,2,1,0,2,3,1,0,1,2,0,2,1,2,71,3,1,2,1,2
6df665c6-c030-4f48-b40e-30b6a8cb041b,8,3,3,1,1,3,5,1,0,1,3,1,2,2,4,56,3,3,2,3,3
1535a222-e6d4-4d17-a99e-b4cf7f87461a,0,5,5,5,5,5,5,5,5,5,5,5,5,5,5,5,5,5,5,5,5
6df665c6-c030-4f48-b40e-30b6a8cb041b,9,4,3,4,0,3,6,3,1,2,4,1,5,3,3,44,3,3,2,3,3
1535a222-e6d4-4d17-a99e-b4cf7f87461a,1,0,3,0,3,1,0,1,0,1,1,0,0,1,0,83,3,1,1,1,0
1535a222-e6d4-4d17-a99e-b4cf7f87461a,2,1,1,1,1,1,0,0,1,0,2,0,1,1,0,87,1,1,0,0,1
6df665c6-c030-4f48-b40e-30b6a8cb041b,10,0,0,1,1,1,1,4,1,3,0,2,3,0,0,78,0,1,2,1,1
1535a222-e6d4-4d17-a99e-b4cf7f87461a,3,4,1,0,1,1,0,1,0,1,2,1,2,2,1,81,0,1,0,0,1
6df665c6-c030-4f48-b40e-30b6a8cb041b,11,0,1,2,1,2,2,6,0,4,1,5,1,0,1,66,0,2,3,1,2
1535a222-e6d4-4d17-a99e-b4cf7f87461a,4,1,5,1,2,3,1,2,1,1,3,2,1,4,1,65,2,1,2,1,1
6df665c6-c030-4f48-b40e-30b6a8cb041b,12,1,0,2,1,2,2,7,4,3,2,4,2,1,1,57,1,2,3,2,3
1535a222-e6d4-4d17-a99e-b4cf7f87461a,5,2,6,1,3,4,0,2,2,1,2,3,1,5,1,58,2,1,3,1,2
6df665c6-c030-4f48-b40e-30b6a8cb041b,13,1,0,3,2,2,2,6,6,3,1,3,3,3,2,45,4,2,5,2,5
1535a222-e6d4-4d17-a99e-b4cf7f87461a,6,3,6,3,3,2,0,2,2,3,2,4,1,5,1,47,5,3,3,2,3
1535a222-e6d4-4d17-a99e-b4cf7f87461a,7,0,1,0,0,2,2,1,1,0,0,2,1,1,0,87,1,0,0,1,0
1535a222-e6d4-4d17-a99e-b4cf7f87461a,8,1,1,0,1,1,1,2,1,0,1,1,1,0,0,81,0,3,1,4,0
6df665c6-c030-4f48-b40e-30b6a8cb041b,14,1,0,1,0,0,1,2,2,0,2,0,2,0,1,79,1,2,2,2,2
1535a222-e6d4-4d17-a99e-b4cf7f87461a,9,1,2,0,5,5,0,2,1,1,3,1,3,1,0,65,1,2,2,3,2
1535a222-e6d4-4d17-a99e-b4cf7f87461a,10,4,1,1,2,1,1,1,1,2,2,0,3,2,0,73,4,1,1,0,0
6df665c6-c030-4f48-b40e-30b6a8cb041b,15,2,0,3,0,0,1,2,2,1,2,3,4,0,2,68,1,5,0,2,2
1535a222-e6d4-4d17-a99e-b4cf7f87461a,11,2,1,4,2,1,3,2,2,2,2,1,4,1,1,60,4,3,2,1,2
6df665c6-c030-4f48-b40e-30b6a8cb041b,16,3,1,2,0,0,1,3,2,2,2,3,6,0,1,57,2,9,1,1,4
1535a222-e6d4-4d17-a99e-b4cf7f87461a,12,2,3,2,2,0,2,3,4,4,4,2,5,1,1,51,4,3,3,2,2
1535a222-e6d4-4d17-a99e-b4cf7f87461a,13,0,0,1,0,0,2,1,1,1,3,1,0,0,2,85,0,2,0,0,1
1535a222-e6d4-4d17-a99e-b4cf7f87461a,14,1,0,2,0,2,2,1,1,1,4,1,0,0,2,75,1,3,3,0,1
6df665c6-c030-4f48-b40e-30b6a8cb041b,17,5,1,3,2,1,1,2,2,1,4,3,9,0,1,47,3,8,1,2,4
1535a222-e6d4-4d17-a99e-b4cf7f87461a,15,2,0,3,1,4,3,1,2,3,4,3,1,0,3,53,5,6,3,0,3
1535a222-e6d4-4d17-a99e-b4cf7f87461a,16,1,0,2,0,0,1,2,0,1,0,0,1,0,2,86,0,0,2,1,1
6df665c6-c030-4f48-b40e-30b6a8cb041b,18,1,2,1,0,1,1,2,2,0,2,3,3,0,0,76,1,1,3,1,0
1535a222-e6d4-4d17-a99e-b4cf7f87461a,17,4,2,1,0,1,2,1,1,3,1,1,4,2,5,67,1,2,0,1,1
1535a222-e6d4-4d17-a99e-b4cf7f87461a,18,3,3,1,0,1,1,2,4,6,1,1,3,3,8,58,1,1,0,1,2
6df665c6-c030-4f48-b40e-30b6a8cb041b,19,3,1,1,0,1,2,3,4,1,1,4,4,2,3,60,0,1,7,1,1
1535a222-e6d4-4d17-a99e-b4cf7f87461a,19,2,3,3,1,2,3,4,7,7,2,2,4,4,9,40,2,1,1,1,2
1535a222-e6d4-4d17-a99e-b4cf7f87461a,20,4,0,0,1,3,0,1,0,1,2,0,0,2,1,78,1,2,3,1,0
6df665c6-c030-4f48-b40e-30b6a8cb041b,20,1,1,2,3,3,2,4,2,1,3,3,4,3,4,48,1,3,10,1,1
8927fa35-ffc7-4dde-9af1-6716bdf29cbd,0,5,5,5,5,5,5,5,5,5,5,5,5,5,5,5,5,5,5,5,5
8927fa35-ffc7-4dde-9af1-6716bdf29cbd,1,2,0,0,2,3,0,0,2,0,77,1,2,1,0,1,1,1,1,3,3
8927fa35-ffc7-4dde-9af1-6716bdf29cbd,2,1,1,1,0,0,0,1,1,0,86,1,0,1,2,1,1,0,1,1,1
8927fa35-ffc7-4dde-9af1-6716bdf29cbd,3,1,1,0,1,1,0,1,2,2,88,1,0,0,0,0,0,0,1,1,0
8927fa35-ffc7-4dde-9af1-6716bdf29cbd,4,1,2,1,0,0,2,0,0,1,84,1,2,0,0,2,0,1,2,0,1
8927fa35-ffc7-4dde-9af1-6716bdf29cbd,5,2,3,1,0,0,0,1,1,0,82,0,3,0,1,0,2,1,0,1,2
8927fa35-ffc7-4dde-9af1-6716bdf29cbd,6,3,4,1,1,0,0,1,1,0,71,2,2,2,1,2,3,1,2,1,2
8927fa35-ffc7-4dde-9af1-6716bdf29cbd,7,5,5,1,1,2,0,2,3,1,57,1,2,3,2,4,3,1,3,1,3
8927fa35-ffc7-4dde-9af1-6716bdf29cbd,8,6,4,1,1,2,1,3,4,2,48,2,1,5,1,3,6,1,3,3,3
8927fa35-ffc7-4dde-9af1-6716bdf29cbd,9,2,1,2,1,1,1,0,3,0,79,1,2,3,2,0,1,0,1,0,0
8927fa35-ffc7-4dde-9af1-6716bdf29cbd,10,4,1,2,2,3,1,0,5,0,63,1,2,3,3,2,3,2,2,1,0
8927fa35-ffc7-4dde-9af1-6716bdf29cbd,11,6,2,3,2,3,1,0,4,2,53,2,3,6,3,1,3,2,3,1,0
8927fa35-ffc7-4dde-9af1-6716bdf29cbd,12,2,1,1,3,1,1,0,0,2,79,2,1,1,0,1,2,1,1,0,1
8927fa35-ffc7-4dde-9af1-6716bdf29cbd,13,2,1,2,4,3,1,0,0,3,65,3,2,1,2,2,1,3,3,0,2
8927fa35-ffc7-4dde-9af1-6716bdf29cbd,14,3,1,4,4,2,4,3,2,3,54,3,2,1,2,2,1,3,4,1,1
8927fa35-ffc7-4dde-9af1-6716bdf29cbd,15,2,1,5,4,3,4,4,1,2,48,4,2,3,2,2,2,2,5,2,2
23ac5563-5415-49a3-9f77-9f4f2e996fcd,0,5,5,5,5,5,5,5,5,5,5,5,5,5,5,5,5,5,5,5,5
8927fa35-ffc7-4dde-9af1-6716bdf29cbd,16,0,1,1,0,1,1,0,1,0,84,3,1,1,1,2,0,0,2,0,1
23ac5563-5415-49a3-9f77-9f4f2e996fcd,1,1,0,0,1,1,1,2,2,2,81,0,0,1,2,0,2,0,0,0,4
8927fa35-ffc7-4dde-9af1-6716bdf29cbd,17,3,3,2,1,2,1,4,3,1,66,3,2,3,1,2,1,0,2,0,0
23ac5563-5415-49a3-9f77-9f4f2e996fcd,2,2,1,1,2,3,1,3,4,3,66,0,1,2,1,1,2,2,2,0,3
8927fa35-ffc7-4dde-9af1-6716bdf29cbd,18,1,0,1,0,1,1,1,1,1,81,1,2,1,1,2,1,1,1,1,1
23ac5563-5415-49a3-9f77-9f4f2e996fcd,3,4,2,2,2,3,0,3,5,2,57,1,3,2,1,0,2,2,3,3,3
8927fa35-ffc7-4dde-9af1-6716bdf29cbd,19,2,2,1,1,2,2,2,3,1,66,2,4,2,2,2,1,1,1,0,3
8927fa35-ffc7-4dde-9af1-6716bdf29cbd,20,4,2,2,1,4,4,2,5,2,49,3,5,1,3,3,3,1,0,3,3
23ac5563-5415-49a3-9f77-9f4f2e996fcd,4,1,1,1,1,2,2,3,1,3,74,3,0,1,0,3,0,3,0,0,1
23ac5563-5415-49a3-9f77-9f4f2e996fcd,5,2,1,1,1,2,4,4,1,4,63,3,1,1,1,1,0,5,2,1,2
23ac5563-5415-49a3-9f77-9f4f2e996fcd,6,2,1,2,3,3,4,4,1,4,55,0,3,1,2,2,1,5,3,1,3
23ac5563-5415-49a3-9f77-9f4f2e996fcd,7,3,2,0,3,4,5,5,2,5,47,0,4,2,2,3,1,6,2,1,3
23ac5563-5415-49a3-9f77-9f4f2e996fcd,8,3,0,1,0,1,2,1,1,2,79,0,0,2,2,0,0,1,1,2,2
23ac5563-5415-49a3-9f77-9f4f2e996fcd,9,2,2,1,2,1,3,2,3,1,60,1,3,3,3,0,2,6,1,2,2
23ac5563-5415-49a3-9f77-9f4f2e996fcd,10,2,3,3,3,2,3,4,6,4,48,0,4,4,1,0,2,4,2,3,2
23ac5563-5415-49a3-9f77-9f4f2e996fcd,11,0,4,2,1,0,1,2,2,0,78,1,2,0,2,1,1,0,3,0,0
23ac5563-5415-49a3-9f77-9f4f2e996fcd,12,1,4,2,2,1,2,2,4,0,66,4,2,0,2,1,1,0,4,2,0
23ac5563-5415-49a3-9f77-9f4f2e996fcd,13,0,4,2,3,2,2,2,4,1,58,4,3,2,4,0,1,0,5,2,1
23ac5563-5415-49a3-9f77-9f4f2e996fcd,14,3,4,6,2,2,2,3,2,3,46,6,3,1,4,2,2,0,4,3,2
23ac5563-5415-49a3-9f77-9f4f2e996fcd,15,1,1,0,0,0,0,1,2,2,86,0,1,0,0,1,1,2,0,0,2
23ac5563-5415-49a3-9f77-9f4f2e996fcd,16,0,0,2,0,0,1,1,3,3,72,0,3,1,1,2,4,4,0,0,3
23ac5563-5415-49a3-9f77-9f4f2e996fcd,17,0,0,3,0,0,2,3,3,5,61,0,4,1,1,3,4,5,1,1,3
23ac5563-5415-49a3-9f77-9f4f2e996fcd,18,0,1,4,2,1,4,3,4,5,51,1,4,1,1,5,2,4,1,2,4
23ac5563-5415-49a3-9f77-9f4f2e996fcd,19,0,1,1,2,2,2,1,0,0,77,0,2,1,1,3,2,1,0,3,1
23ac5563-5415-49a3-9f77-9f4f2e996fcd,20,1,4,1,1,3,2,4,3,0,57,2,2,0,2,4,3,2,1,4,4
0ba3a5ad-8346-4a2b-97f4-4543c9f96eeb,0,5,5,5,5,5,5,5,5,5,5,5,5,5,5,5,5,5,5,5,5
0ba3a5ad-8346-4a2b-97f4-4543c9f96eeb,1,1,1,0,0,1,1,1,1,1,86,0,1,1,0,0,0,0,1,3,1
0ba3a5ad-8346-4a2b-97f4-4543c9f96eeb,2,2,4,1,1,1,1,1,2,2,67,2,3,0,3,1,0,2,1,2,4
0ba3a5ad-8346-4a2b-97f4-4543c9f96eeb,3,2,3,3,5,1,0,1,2,4,54,2,4,1,3,2,0,3,2,4,4
0ba3a5ad-8346-4a2b-97f4-4543c9f96eeb,4,0,0,0,0,1,1,1,1,0,85,0,4,1,1,3,1,0,0,1,0
0ba3a5ad-8346-4a2b-97f4-4543c9f96eeb,5,0,2,2,0,1,2,2,1,2,68,0,4,4,1,6,0,1,1,1,2
0ba3a5ad-8346-4a2b-97f4-4543c9f96eeb,6,2,1,1,3,2,3,3,2,2,53,0,7,3,0,4,2,5,1,2,4
0ba3a5ad-8346-4a2b-97f4-4543c9f96eeb,7,3,1,1,5,2,5,2,4,1,46,1,8,2,2,3,4,4,0,2,4
1c9837b5-24d6-4de9-aea6-7248aea73c01,0,5,5,5,5,5,5,5,5,5,5,5,5,5,5,5,5,5,5,5,5
0ba3a5ad-8346-4a2b-97f4-4543c9f96eeb,8,1,2,0,3,3,1,1,0,1,81,2,0,0,1,1,0,0,0,1,2
1c9837b5-24d6-4de9-aea6-7248aea73c01,1,2,1,0,2,0,0,0,0,0,90,1,1,1,0,0,1,1,0,0,0
0ba3a5ad-8346-4a2b-97f4-4543c9f96eeb,9,2,1,0,5,4,2,1,0,1,65,4,0,1,3,4,0,0,2,2,3
1c9837b5-24d6-4de9-aea6-7248aea73c01,2,2,1,1,2,1,1,1,0,3,73,2,3,1,4,0,1,1,2,0,1
0ba3a5ad-8346-4a2b-97f4-4543c9f96eeb,10,1,3,0,7,5,2,3,2,1,49,3,1,4,3,4,1,2,2,4,3
1c9837b5-24d6-4de9-aea6-7248aea73c01,3,3,1,1,5,1,3,1,0,4,59,3,3,3,3,1,3,2,2,1,1
0ba3a5ad-8346-4a2b-97f4-4543c9f96eeb,11,1,2,0,1,1,1,1,0,0,78,3,1,2,1,0,2,3,0,1,2
1c9837b5-24d6-4de9-aea6-7248aea73c01,4,4,3,2,5,4,5,1,0,4,45,3,2,5,4,2,3,3,1,0,4
0ba3a5ad-8346-4a2b-97f4-4543c9f96eeb,12,2,5,1,2,5,3,1,1,1,59,3,2,2,2,1,4,2,1,1,2
1c9837b5-24d6-4de9-aea6-7248aea73c01,5,2,0,4,0,1,1,1,0,1,78,1,1,1,0,3,0,1,1,1,3
0ba3a5ad-8346-4a2b-97f4-4543c9f96eeb,13,1,8,2,2,5,4,2,2,3,44,0,2,2,7,2,5,4,3,0,2
1c9837b5-24d6-4de9-aea6-7248aea73c01,6,2,2,1,0,4,3,1,0,2,65,1,2,1,1,2,1,4,2,1,5
0ba3a5ad-8346-4a2b-97f4-4543c9f96eeb,14,4,1,2,3,1,2,0,2,0,81,1,0,1,0,1,1,0,0,0,0
1c9837b5-24d6-4de9-aea6-7248aea73c01,7,0,0,0,0,2,0,0,1,2,86,0,1,1,0,1,2,0,1,1,2
0ba3a5ad-8346-4a2b-97f4-4543c9f96eeb,15,3,3,2,2,1,2,0,1,0,70,2,2,2,0,2,4,0,1,0,3
1c9837b5-24d6-4de9-aea6-7248aea73c01,8,0,0,1,1,3,1,2,0,2,71,1,4,0,2,3,2,1,2,2,2
0ba3a5ad-8346-4a2b-97f4-4543c9f96eeb,16,2,3,1,2,2,3,1,3,3,63,1,1,2,1,3,4,0,1,0,4
1c9837b5-24d6-4de9-aea6-7248aea73c01,9,2,2,1,2,3,4,3,2,2,52,3,6,2,1,3,4,0,4,1,3
0ba3a5ad-8346-4a2b-97f4-4543c9f96eeb,17,2,3,2,4,5,3,2,4,4,46,1,1,4,3,7,3,1,0,1,4
1c9837b5-24d6-4de9-aea6-7248aea73c01,10,0,1,0,1,1,2,3,0,1,80,2,1,1,2,0,0,2,1,0,2
0ba3a5ad-8346-4a2b-97f4-4543c9f96eeb,18,2,1,1,0,1,0,3,1,0,81,1,0,1,1,1,1,1,1,2,1
1c9837b5-24d6-4de9-aea6-7248aea73c01,11,0,1,0,3,2,2,3,0,2,73,2,1,1,2,1,0,3,1,1,2
0ba3a5ad-8346-4a2b-97f4-4543c9f96eeb,19,5,1,1,0,5,2,4,1,0,66,2,1,2,2,1,0,1,3,3,0
1c9837b5-24d6-4de9-aea6-7248aea73c01,12,3,2,2,4,4,1,4,2,1,61,2,1,1,2,1,1,5,1,1,1
0ba3a5ad-8346-4a2b-97f4-4543c9f96eeb,20,8,0,0,0,3,3,5,0,0,59,3,2,3,2,3,0,1,2,3,3
1c9837b5-24d6-4de9-aea6-7248aea73c01,13,1,3,2,5,4,2,4,4,1,48,3,2,0,3,1,2,6,2,3,4
1c9837b5-24d6-4de9-aea6-7248aea73c01,14,0,0,2,1,1,1,1,1,3,78,1,0,1,2,1,0,1,2,1,3
1c9837b5-24d6-4de9-aea6-7248aea73c01,15,1,0,2,1,5,3,1,1,5,63,1,1,2,2,3,1,1,1,1,5
1c9837b5-24d6-4de9-aea6-7248aea73c01,16,1,2,1,1,5,5,2,1,5,53,2,1,2,5,2,1,3,2,2,4
1c9837b5-24d6-4de9-aea6-7248aea73c01,17,1,4,3,1,2,6,4,3,5,38,3,1,2,6,3,2,3,6,5,2
1c9837b5-24d6-4de9-aea6-7248aea73c01,18,0,1,2,3,0,1,0,0,3,71,0,5,3,1,1,2,2,2,1,2
1c9837b5-24d6-4de9-aea6-7248aea73c01,19,2,1,3,3,1,1,2,0,3,56,3,6,4,1,1,5,1,4,1,2
1c9837b5-24d6-4de9-aea6-7248aea73c01,20,2,1,3,3,1,0,4,1,2,47,4,7,5,2,3,4,1,4,3,3
1ffb59d0-7293-47a1-86bf-615dbe41ebb2,0,5,5,5,5,5,5,5,5,5,5,5,5,5,5,5,5,5,5,5,5
1ffb59d0-7293-47a1-86bf-615dbe41ebb2,1,1,1,1,1,1,1,1,1,2,1,1,2,0,1,1,0,0,2,1,81
1ffb59d0-7293-47a1-86bf-615dbe41ebb2,2,1,1,1,1,2,2,1,3,2,5,0,2,2,1,1,2,2,4,1,66
1ffb59d0-7293-47a1-86bf-615dbe41ebb2,3,1,1,2,2,5,2,2,3,2,4,2,2,2,1,1,3,4,5,0,56
1ffb59d0-7293-47a1-86bf-615dbe41ebb2,4,2,0,2,2,6,2,1,3,2,4,4,3,2,3,1,3,4,6,1,49
1ffb59d0-7293-47a1-86bf-615dbe41ebb2,5,1,0,1,5,1,0,0,0,2,2,0,2,1,1,0,1,1,1,0,81
1ffb59d0-7293-47a1-86bf-615dbe41ebb2,6,1,2,3,1,1,2,2,1,1,1,1,1,1,1,0,1,1,1,5,73
1ffb59d0-7293-47a1-86bf-615dbe41ebb2,7,2,2,5,2,2,2,4,2,1,1,1,1,1,2,0,1,2,0,5,64
1ffb59d0-7293-47a1-86bf-615dbe41ebb2,8,3,4,2,1,2,2,5,2,1,1,2,1,2,5,1,1,1,1,4,59
1ffb59d0-7293-47a1-86bf-615dbe41ebb2,9,4,3,2,1,2,3,5,1,2,3,3,3,3,5,3,1,2,1,6,47
1ffb59d0-7293-47a1-86bf-615dbe41ebb2,10,0,1,0,2,2,2,1,2,0,0,0,0,1,3,1,0,1,2,0,82
1ffb59d0-7293-47a1-86bf-615dbe41ebb2,11,1,1,0,3,1,2,3,2,3,1,0,0,1,2,3,0,3,5,2,67
cd9c3530-e2ab-4db4-ac8b-321c5d250b92,0,5,5,5,5,5,5,5,5,5,5,5,5,5,5,5,5,5,5,5,5
1ffb59d0-7293-47a1-86bf-615dbe41ebb2,12,1,1,0,0,1,2,1,1,3,2,0,1,0,0,1,0,0,2,1,83
cd9c3530-e2ab-4db4-ac8b-321c5d250b92,1,1,0,0,3,0,1,0,0,1,1,2,1,1,0,0,2,1,2,1,83
1ffb59d0-7293-47a1-86bf-615dbe41ebb2,13,2,1,1,1,2,3,1,2,3,2,0,1,1,2,1,0,2,3,2,70
cd9c3530-e2ab-4db4-ac8b-321c5d250b92,2,1,2,2,1,0,1,4,1,1,2,0,0,0,0,0,1,1,0,1,82
1ffb59d0-7293-47a1-86bf-615dbe41ebb2,14,3,2,0,3,2,3,1,1,3,2,1,1,2,2,1,2,2,4,2,63
cd9c3530-e2ab-4db4-ac8b-321c5d250b92,3,1,2,3,2,0,3,5,1,1,2,0,1,0,1,0,1,2,0,3,72
1ffb59d0-7293-47a1-86bf-615dbe41ebb2,15,3,3,1,3,2,2,2,2,4,3,3,2,2,3,3,3,2,4,2,51
cd9c3530-e2ab-4db4-ac8b-321c5d250b92,4,1,1,3,4,1,3,3,2,1,2,1,0,1,4,2,3,0,2,4,62
1ffb59d0-7293-47a1-86bf-615dbe41ebb2,16,2,1,1,0,1,1,1,2,1,0,0,1,2,1,0,0,0,0,1,85
cd9c3530-e2ab-4db4-ac8b-321c5d250b92,5,3,1,6,2,2,2,3,3,1,3,1,2,1,5,4,5,0,4,4,48
1ffb59d0-7293-47a1-86bf-615dbe41ebb2,17,3,2,1,0,1,1,1,1,2,0,2,2,2,3,0,4,0,1,4,70
cd9c3530-e2ab-4db4-ac8b-321c5d250b92,6,3,0,0,0,2,1,2,0,1,2,1,0,2,1,0,1,1,2,2,79
1ffb59d0-7293-47a1-86bf-615dbe41ebb2,18,5,3,2,1,0,3,1,2,3,2,4,3,4,3,1,3,1,1,7,51
cd9c3530-e2ab-4db4-ac8b-321c5d250b92,7,3,0,0,1,3,4,2,1,2,2,2,2,3,3,3,3,4,3,2,57
1ffb59d0-7293-47a1-86bf-615dbe41ebb2,19,1,3,3,2,0,0,1,1,0,1,0,2,1,1,1,0,1,0,1,81
cd9c3530-e2ab-4db4-ac8b-321c5d250b92,8,4,1,0,2,6,4,1,3,3,3,1,2,2,2,3,3,5,2,4,49
1ffb59d0-7293-47a1-86bf-615dbe41ebb2,20,1,1,5,1,1,0,3,3,1,3,0,2,2,1,2,1,3,3,2,65
cd9c3530-e2ab-4db4-ac8b-321c5d250b92,9,0,0,1,0,1,0,1,0,0,3,0,2,0,0,0,0,1,0,1,90
cd9c3530-e2ab-4db4-ac8b-321c5d250b92,10,0,2,3,0,2,1,2,1,1,3,2,2,0,2,2,1,1,1,1,73
cd9c3530-e2ab-4db4-ac8b-321c5d250b92,11,0,4,2,0,3,2,1,3,1,3,3,2,1,4,2,1,3,1,3,61
cd9c3530-e2ab-4db4-ac8b-321c5d250b92,12,0,3,2,2,3,2,1,5,3,1,4,2,2,5,2,1,5,1,3,53
cd9c3530-e2ab-4db4-ac8b-321c5d250b92,13,0,3,3,2,2,4,2,4,2,4,3,3,1,6,6,1,3,1,4,46
cd9c3530-e2ab-4db4-ac8b-321c5d250b92,14,1,0,1,0,1,0,0,2,0,1,0,3,1,1,4,1,2,2,1,79
cd9c3530-e2ab-4db4-ac8b-321c5d250b92,15,1,0,1,0,2,1,1,3,1,3,0,4,1,2,4,2,1,6,1,66
cd9c3530-e2ab-4db4-ac8b-321c5d250b92,16,1,2,2,3,2,0,1,3,2,3,1,7,3,3,5,3,1,5,2,51
cd9c3530-e2ab-4db4-ac8b-321c5d250b92,17,2,1,2,4,3,1,0,1,1,0,1,1,1,4,1,0,2,0,3,72
cd9c3530-e2ab-4db4-ac8b-321c5d250b92,18,3,2,3,5,1,2,2,1,2,1,1,0,1,9,1,0,3,0,3,60
cd9c3530-e2ab-4db4-ac8b-321c5d250b92,19,3,1,2,6,2,2,2,1,2,3,3,1,1,8,3,0,4,2,2,52
cd9c3530-e2ab-4db4-ac8b-321c5d250b92,20,1,1,0,3,3,1,1,2,1,3,1,0,0,1,2,1,0,0,2,77
b5f5d03f-3ef2-417b-9410-20b5cbd8c436,0,5,5,5,5,5,5,5,5,5,5,5,5,5,5,5,5,5,5,5,5
b5f5d03f-3ef2-417b-9410-20b5cbd8c436,1,1,2,3,1,2,1,1,0,1,80,2,0,1,1,1,2,1,0,0,0
b5f5d03f-3ef2-417b-9410-20b5cbd8c436,2,2,3,3,2,1,1,2,0,1,70,2,2,2,2,2,2,1,0,2,0
b5f5d03f-3ef2-417b-9410-20b5cbd8c436,3,3,4,7,1,2,1,2,0,2,55,5,2,2,3,2,2,2,1,2,2
b5f5d03f-3ef2-417b-9410-20b5cbd8c436,4,2,1,0,4,0,1,1,2,1,77,0,0,2,2,1,0,2,2,2,0
b5f5d03f-3ef2-417b-9410-20b5cbd8c436,5,2,1,0,5,0,4,2,3,1,64,0,3,3,0,1,1,5,2,2,1
b5f5d03f-3ef2-417b-9410-20b5cbd8c436,6,2,1,0,7,0,5,3,3,0,51,4,3,3,2,3,0,4,4,3,2
b5f5d03f-3ef2-417b-9410-20b5cbd8c436,7,0,3,1,0,1,0,1,0,1,80,0,2,0,1,2,3,1,0,1,3
b5f5d03f-3ef2-417b-9410-20b5cbd8c436,8,2,1,3,0,2,0,4,1,1,67,1,1,0,2,2,5,1,1,3,3
b5f5d03f-3ef2-417b-9410-20b5cbd8c436,9,0,2,1,1,0,0,3,0,2,81,2,1,2,0,0,1,1,0,2,1
b5f5d03f-3ef2-417b-9410-20b5cbd8c436,10,4,3,3,0,1,0,3,1,1,64,5,2,3,2,0,3,2,0,2,1
b5f5d03f-3ef2-417b-9410-20b5cbd8c436,11,5,4,3,0,1,0,3,3,1,52,4,3,4,5,3,3,3,1,1,1
b5f5d03f-3ef2-417b-9410-20b5cbd8c436,12,0,2,0,2,4,1,5,0,2,78,2,0,1,0,1,0,2,0,0,0
b5f5d03f-3ef2-417b-9410-20b5cbd8c436,13,0,2,0,3,5,3,8,0,2,64,2,2,0,1,1,1,3,2,1,0
b5f5d03f-3ef2-417b-9410-20b5cbd8c436,14,0,4,1,5,4,3,8,1,2,51,2,2,3,1,3,1,4,3,1,1
b5f5d03f-3ef2-417b-9410-20b5cbd8c436,15,0,2,2,0,0,0,1,1,1,84,1,1,2,1,2,0,0,0,0,2
b5f5d03f-3ef2-417b-9410-20b5cbd8c436,16,1,2,5,2,1,0,1,3,2,65,3,2,2,2,2,0,2,2,1,2
b5f5d03f-3ef2-417b-9410-20b5cbd8c436,17,0,4,6,2,2,0,3,4,3,54,3,3,2,2,2,0,1,4,1,4
b5f5d03f-3ef2-417b-9410-20b5cbd8c436,18,1,5,6,3,4,2,3,4,3,43,4,4,1,4,3,0,1,3,1,5
b5f5d03f-3ef2-417b-9410-20b5cbd8c436,19,1,0,2,2,0,1,0,2,0,82,0,0,3,1,3,1,0,2,0,0
b5f5d03f-3ef2-417b-9410-20b5cbd8c436,20,1,0,3,3,0,3,1,3,2,65,2,3,3,1,1,2,1,3,1,2
384e49a4-d3a9-4d5a-9fa1-e063a7eeb09b,0,5,5,5,5,5,5,5,5,5,5,5,5,5,5,5,5,5,5,5,5
384e49a4-d3a9-4d5a-9fa1-e063a7eeb09b,1,1,1,1,1,0,3,2,0,0,0,2,2,0,1,1,2,0,1,0,82
384e49a4-d3a9-4d5a-9fa1-e063a7eeb09b,2,1,3,2,1,0,1,3,0,1,1,3,3,2,2,2,3,0,3,3,66
384e49a4-d3a9-4d5a-9fa1-e063a7eeb09b,3,1,3,2,1,1,4,2,0,1,2,3,3,1,1,3,4,1,3,4,60
384e49a4-d3a9-4d5a-9fa1-e063a7eeb09b,4,0,5,1,0,2,1,2,0,0,1,1,1,2,0,1,2,0,1,1,79
384e49a4-d3a9-4d5a-9fa1-e063a7eeb09b,5,1,6,1,1,4,1,4,0,1,3,2,4,4,1,1,2,0,1,1,62
384e49a4-d3a9-4d5a-9fa1-e063a7eeb09b,6,1,6,1,2,3,2,7,1,2,5,3,5,4,0,2,2,0,3,2,49
384e49a4-d3a9-4d5a-9fa1-e063a7eeb09b,7,2,5,0,1,1,0,0,0,0,0,0,2,0,1,2,0,3,2,1,80
384e49a4-d3a9-4d5a-9fa1-e063a7eeb09b,8,4,4,0,1,1,0,0,1,0,2,0,2,1,3,4,0,4,2,2,69
384e49a4-d3a9-4d5a-9fa1-e063a7eeb09b,9,3,3,4,1,1,0,0,1,1,2,1,1,3,6,5,0,4,4,4,56
384e49a4-d3a9-4d5a-9fa1-e063a7eeb09b,10,3,4,2,2,1,2,1,4,3,2,2,1,3,4,5,1,2,7,5,46
384e49a4-d3a9-4d5a-9fa1-e063a7eeb09b,11,0,2,0,1,1,1,5,1,0,0,1,4,0,0,2,1,2,1,2,76
384e49a4-d3a9-4d5a-9fa1-e063a7eeb09b,12,0,2,1,1,2,2,6,1,1,0,2,6,0,1,2,2,2,0,2,67
384e49a4-d3a9-4d5a-9fa1-e063a7eeb09b,13,0,1,3,3,3,3,5,0,2,2,2,9,0,2,2,2,2,1,5,53
384e49a4-d3a9-4d5a-9fa1-e063a7eeb09b,14,0,1,1,0,0,2,1,1,1,2,0,0,3,1,0,1,1,0,0,85
384e49a4-d3a9-4d5a-9fa1-e063a7eeb09b,15,2,1,1,0,0,4,1,1,3,3,0,1,5,0,1,2,2,2,0,71
384e49a4-d3a9-4d5a-9fa1-e063a7eeb09b,16,2,1,4,0,0,5,1,3,5,3,0,2,8,0,1,3,1,1,0,60
384e49a4-d3a9-4d5a-9fa1-e063a7eeb09b,17,1,2,5,0,3,4,1,4,8,3,1,2,10,0,1,4,0,2,0,49
384e49a4-d3a9-4d5a-9fa1-e063a7eeb09b,18,0,1,1,1,1,4,2,1,1,0,0,0,0,1,3,0,0,1,3,80
384e49a4-d3a9-4d5a-9fa1-e063a7eeb09b,19,1,0,1,3,1,4,3,1,1,0,1,1,1,5,4,2,1,0,4,66
384e49a4-d3a9-4d5a-9fa1-e063a7eeb09b,20,1,4,2,5,2,5,2,0,1,1,2,1,0,5,4,3,1,1,7,53
56c76a1f-8d31-49fa-88fa-3c49ca90c5b0,0,5,5,5,5,5,5,5,5,5,5,5,5,5,5,5,5,5,5,5,5
56c76a1f-8d31-49fa-88fa-3c49ca90c5b0,1,1,0,1,2,4,0,1,1,0,1,0,1,1,5,1,0,1,1,0,79
56c76a1f-8d31-49fa-88fa-3c49ca90c5b0,2,0,2,2,2,7,1,2,2,2,1,0,1,0,4,0,1,2,4,1,66
56c76a1f-8d31-49fa-88fa-3c49ca90c5b0,3,2,3,0,1,0,0,0,1,1,1,1,0,0,0,3,1,0,2,0,84
56c76a1f-8d31-49fa-88fa-3c49ca90c5b0,4,5,5,2,3,0,1,0,3,1,2,2,1,1,0,4,3,0,2,2,63
56c76a1f-8d31-49fa-88fa-3c49ca90c5b0,5,3,5,1,4,1,2,0,2,2,5,1,2,2,1,5,5,0,2,2,55
56c76a1f-8d31-49fa-88fa-3c49ca90c5b0,6,3,4,1,3,0,4,1,2,2,5,3,2,3,3,6,6,2,4,2,44
56c76a1f-8d31-49fa-88fa-3c49ca90c5b0,7,2,0,0,0,2,2,0,0,0,2,1,0,1,0,1,1,2,0,0,86
56c76a1f-8d31-49fa-88fa-3c49ca90c5b0,8,3,0,0,0,1,3,0,0,2,3,2,1,5,1,1,3,4,2,1,68
56c76a1f-8d31-49fa-88fa-3c49ca90c5b0,9,4,0,1,3,1,4,1,1,2,4,5,0,3,3,0,4,2,4,2,56
56c76a1f-8d31-49fa-88fa-3c49ca90c5b0,10,4,2,3,2,1,6,3,3,4,4,8,1,3,3,0,5,0,5,3,40
56c76a1f-8d31-49fa-88fa-3c49ca90c5b0,11,0,0,0,3,0,1,1,1,2,1,1,2,0,3,1,1,1,0,1,81
56c76a1f-8d31-49fa-88fa-3c49ca90c5b0,12,1,1,3,2,2,1,1,3,3,1,2,2,0,2,3,1,4,2,2,64
56c76a1f-8d31-49fa-88fa-3c49ca90c5b0,13,2,2,4,2,2,1,4,4,2,1,4,2,1,2,2,3,4,5,2,51
56c76a1f-8d31-49fa-88fa-3c49ca90c5b0,14,2,4,5,5,5,2,4,3,3,1,4,3,1,3,4,1,5,4,3,38
56c76a1f-8d31-49fa-88fa-3c49ca90c5b0,15,0,2,2,2,1,0,3,1,1,3,1,0,1,0,2,2,0,1,1,77
56c76a1f-8d31-49fa-88fa-3c49ca90c5b0,16,0,3,6,1,3,2,3,3,1,6,0,0,1,1,3,0,0,2,1,64
56c76a1f-8d31-49fa-88fa-3c49ca90c5b0,17,1,3,5,1,3,2,3,2,3,6,1,2,1,1,4,1,1,3,2,55
56c76a1f-8d31-49fa-88fa-3c49ca90c5b0,18,0,0,2,0,0,1,0,4,1,1,2,2,0,0,0,2,0,1,1,83
56c76a1f-8d31-49fa-88fa-3c49ca90c5b0,19,2,0,2,1,0,1,1,4,1,1,4,3,2,0,0,1,2,0,2,73
56c76a1f-8d31-49fa-88fa-3c49ca90c5b0,20,3,1,2,1,0,2,2,6,1,2,4,4,1,3,2,1,3,3,2,57
